"DLA",1.06899e-06,0.539349142280525
"DLA",1.06922046447684e-06,0.539465421027667
"DLA",1.06945145266038e-06,0.539581964006248
"DLA",1.06968293535642e-06,0.539698756486592
"DLA",1.0699149350913e-06,0.539815809834158
"DLA",1.07014547163443e-06,0.53993212494169
"DLA",1.07037656437378e-06,0.540048720672947
"DLA",1.07060818720849e-06,0.540165583858974
"DLA",1.07084036744526e-06,0.540282728277126
"DLA",1.07107308103309e-06,0.540400141792678
"DLA",1.07130839416458e-06,0.540518866884248
"Drift",1.78538e-06,0.540518866884248
"DLA",1.0715320786671e-06,0.540631724857267
"DLA",1.07175523869718e-06,0.540744318212505
"DLA",1.07197597766669e-06,0.540855690043739
"DLA",1.07219613947611e-06,0.54096677067412
"DLA",1.07241386023211e-06,0.541076619693295
"DLA",1.07263110305524e-06,0.541186227575803
"DLA",1.07284594430747e-06,0.541294623767646
"DLA",1.07306216758793e-06,0.54140371724921
"DLA",1.07327602325085e-06,0.541511616170966
"DLA",1.07349129563021e-06,0.541620229884061
"DLA",1.0737060486534e-06,0.541728581560748
"DLA",1.0739221604407e-06,0.541837618789456
"DLA",1.0741377679677e-06,0.541946401598235
"DLA",1.07435473568952e-06,0.54205587068089
"DLA",1.07457117239626e-06,0.542165071844735
"DLA",1.07478707726495e-06,0.542274004674544
"DLA",1.07500247224484e-06,0.542382680244624
"DLA",1.07521737823897e-06,0.5424911091014
"DLA",1.07543177846422e-06,0.542599282777103
"DLA",1.07564565138146e-06,0.542707190404367
"DLA",1.07585901875007e-06,0.542814842961691
"DLA",1.07607379655593e-06,0.542923207142244
"DLA",1.07628993187452e-06,0.543032256243451
"Drift",1.43562e-06,0.543032256243451
"DLA",1.07653860546848e-06,0.543157722234351
"DLA",1.07678573374861e-06,0.543282408551266
"DLA",1.07702906530901e-06,0.543405179267915
"DLA",1.07727075580932e-06,0.543527122002682
"DLA",1.07751290722941e-06,0.543649297290316
"DLA",1.07775772791189e-06,0.543772819329915
"DLA",1.07800523174033e-06,0.543897695126303
"DLA",1.07825545703197e-06,0.544023944012096
"DLA",1.07850621355596e-06,0.544150460926316
"DLA",1.07875538425485e-06,0.544276177726968
"DLA",1.07900293366393e-06,0.544401076520652
"DLA",1.07924885192338e-06,0.544525152332684
"DLA",1.0794931258663e-06,0.54464839851983
"DLA",1.07973573992137e-06,0.544770807225717
"DLA",1.07997882276038e-06,0.544893452452263
"DLA",1.08022682753795e-06,0.545018580997958
"DLA",1.08047535844581e-06,0.545143974997887
"DLA",1.08072442268432e-06,0.545269638084927
"DLA",1.08097401358401e-06,0.54539556689405
"DLA",1.08122862937921e-06,0.545524030968319
"DLA",1.08148380355159e-06,0.545652776766694
"DLA",1.081741791195e-06,0.545782942076184
"Drift",1.80316999999999e-06,0.545782942076184
"DLA",1.08194442108435e-06,0.5458851771364
"DLA",1.0821430804882e-06,0.545985408924417
"DLA",1.0823378170992e-06,0.546083661503127
"DLA",1.08253031595911e-06,0.546180785044962
"DLA",1.08272409156226e-06,0.546278552755933
"DLA",1.08291741615522e-06,0.546376092913833
"DLA",1.08311031356464e-06,0.546473417540183
"DLA",1.08330276176272e-06,0.546570515521048
"DLA",1.08349480096028e-06,0.546667407144438
"DLA",1.08368469300829e-06,0.546763215443133
"DLA",1.08387583865815e-06,0.546859656235191
"DLA",1.08406820952097e-06,0.546956715197258
"DLA",1.08426014597651e-06,0.547053554983104
"DLA",1.08445161358949e-06,0.547150158218712
"DLA",1.08464265522058e-06,0.54724654652905
"DLA",1.08483323496262e-06,0.547342701797486
"DLA",1.08502172234182e-06,0.547437801383359
"DLA",1.08520975393228e-06,0.547532671005189
"DLA",1.08539902623537e-06,0.547628166617239
"DLA",1.08558785929269e-06,0.547723440611852
"DLA",1.08577630645771e-06,0.547818519908027
"DLA",1.08596597527012e-06,0.547914215575239
"Drift",1.44946999999999e-06,0.547914215575239
"DLA",1.08622798238357e-06,0.548046408871631
"DLA",1.08648826376415e-06,0.548177731465263
"DLA",1.08674673551707e-06,0.548308141027784
"DLA",1.08700343184715e-06,0.548437654816926
"DLA",1.0872583674185e-06,0.548566280231334
"DLA",1.08751382121508e-06,0.548695167111542
"DLA",1.0877720994736e-06,0.548825479048236
"DLA",1.08803321363072e-06,0.548957221811667
"DLA",1.08829715017545e-06,0.549090388584988
"DLA",1.08855928597443e-06,0.549222646808493
"DLA",1.08882433371166e-06,0.549356374223845
"DLA",1.08908759965732e-06,0.549489202652531
"DLA",1.08935141072864e-06,0.549622306119393
"DLA",1.08961345056138e-06,0.549754515924007
"DLA",1.08988069807714e-06,0.549889353217527
"DLA",1.09014612259516e-06,0.550023270734188
"DLA",1.09041208497384e-06,0.550157459623534
"DLA",1.09067623351847e-06,0.550290733359473
"DLA",1.09094091241587e-06,0.550424274680055
"DLA",1.09120612727473e-06,0.550558086415099
"DLA",1.09147189481375e-06,0.550692176999875
"DLA",1.09173821768814e-06,0.550826547774035
"Drift",1.82039e-06,0.550826547774035
"DLA",1.09191435435565e-06,0.550915415921117
"DLA",1.09208854088697e-06,0.551003300144786
"DLA",1.09226229994802e-06,0.551090968692241
"DLA",1.09243563104411e-06,0.551178421313881
"DLA",1.09260856977014e-06,0.551265675968789
"DLA",1.09278113299469e-06,0.551352741167854
"DLA",1.09295328710438e-06,0.551439599951757
"DLA",1.09312506733739e-06,0.55152627009959
"DLA",1.09329647441269e-06,0.551612751974113
"DLA",1.09346747493533e-06,0.551699028726203
"DLA",1.09363807143444e-06,0.551785101631905
"DLA",1.09380829728097e-06,0.551870987528241
"DLA",1.09397813668321e-06,0.551956678447633
"DLA",1.09414757312874e-06,0.552042166058901
"DLA",1.09431664133045e-06,0.552127467876112
"DLA",1.09448534199955e-06,0.552212584258095
"DLA",1.09465364224493e-06,0.552297498609957
"DLA",1.09482154455748e-06,0.552382212188437
"DLA",1.09498904984548e-06,0.552466725451805
"DLA",1.09515766276851e-06,0.552551797562316
"DLA",1.09532742084547e-06,0.552637447449784
"DLA",1.09549831549327e-06,0.552723670783689
"Drift",1.46317999999999e-06,0.552723670783689
"DLA",1.09577132121716e-06,0.552861413328538
"DLA",1.09604250542251e-06,0.552998236842841
"DLA",1.09631175664684e-06,0.553134085089224
"DLA",1.096579058272e-06,0.553268949683149
"DLA",1.09684686196973e-06,0.553404067593205
"DLA",1.09711764670517e-06,0.553540689558612
"DLA",1.09738896428482e-06,0.553677580365699
"DLA",1.09766080972846e-06,0.553814737501748
"DLA",1.09793321066471e-06,0.553952174906514
"DLA",1.09820368806106e-06,0.554088641806789
"DLA",1.09847710091209e-06,0.554226589763921
"DLA",1.09875104166327e-06,0.554364804068249
"DLA",1.09902554065171e-06,0.55450330002609
"DLA",1.09930056751441e-06,0.554642062318066
"DLA",1.09957615017838e-06,0.554781105034503
"DLA",1.09984978066115e-06,0.554919162795739
"DLA",1.10012637455808e-06,0.555058715720524
"DLA",1.10040099600958e-06,0.555197273465984
"DLA",1.10067861810849e-06,0.555337345160693
"DLA",1.10095679349371e-06,0.555477696010954
"DLA",1.10123801231696e-06,0.555619582400079
"DLA",1.101517255112e-06,0.555760471802218
"DLA",1.10179957084487e-06,0.555902911627078
"Drift",1.83780999999999e-06,0.555902911627078
"DLA",1.10196144787333e-06,0.555984585203497
"DLA",1.10212007707944e-06,0.556064620120806
"DLA",1.10227691348165e-06,0.556143750495283
"DLA",1.10243338726094e-06,0.556222697911677
"DLA",1.10258950205943e-06,0.556301464207584
"DLA",1.10274525584744e-06,0.556380048358951
"DLA",1.10290210263633e-06,0.556459183973932
"DLA",1.10306004797489e-06,0.556538873852113
"DLA",1.10321761896215e-06,0.556618374854766
"DLA",1.10337483262943e-06,0.556697695574889
"DLA",1.10353170442358e-06,0.556776843806046
"DLA",1.10368820574761e-06,0.556855805119882
"DLA",1.10384432284768e-06,0.556934572577031
"DLA",1.10400010053229e-06,0.557013168785212
"DLA",1.10415552347577e-06,0.557091586011992
"DLA",1.10431059526842e-06,0.557169826068832
"DLA",1.10446531527704e-06,0.557247888636244
"DLA",1.10461969872027e-06,0.557325781392668
"DLA",1.10477370296952e-06,0.557403482830231
"DLA",1.10492737226379e-06,0.557481015269319
"DLA",1.10508069147657e-06,0.557558371077985
"DLA",1.10523366414808e-06,0.557635552042424
"DLA",1.10538628965714e-06,0.557712557849215
"DLA",1.10553861166317e-06,0.557789410526322
"DLA",1.10569060214284e-06,0.557866095934831
"Drift",1.47792000000001e-06,0.557866095934831
"DLA",1.10596680827623e-06,0.558005453217068
"DLA",1.10624353580068e-06,0.558145073562401
"DLA",1.10652073267285e-06,0.558284930712841
"DLA",1.1067983985596e-06,0.558425024500302
"DLA",1.10707653307379e-06,0.558565354729461
"DLA",1.10735516200735e-06,0.558705934413395
"DLA",1.10763433766219e-06,0.558846789940559
"DLA",1.10791403626652e-06,0.558987909317113
"DLA",1.10819422632225e-06,0.559129276650985
"DLA",1.10847243346524e-06,0.559269643524337
"DLA",1.1087512074208e-06,0.5594102963778
"DLA",1.10903046389516e-06,0.559551192681714
"DLA",1.10931023415831e-06,0.559692348213073
"DLA",1.10959054210862e-06,0.559833775029576
"DLA",1.10987390778248e-06,0.559976744592573
"DLA",1.1101577663462e-06,0.56011996283865
"DLA",1.11044211744235e-06,0.560263429587464
"DLA",1.11072696077113e-06,0.560407144687757
"DLA",1.11100975165215e-06,0.560549824244274
"DLA",1.11129308204024e-06,0.560692776004156
"DLA",1.11157691979372e-06,0.560835983750617
"DLA",1.11186129677549e-06,0.560979463559785
"DLA",1.11214621037259e-06,0.561123214113316
"DLA",1.11243419464833e-06,0.561268513949711
"DLA",1.11272264235991e-06,0.561414047608432
"DLA",1.11301166075445e-06,0.561559869200025
"DLA",1.11330125244877e-06,0.56170598004479
"Drift",1.85758999999999e-06,0.56170598004479
"DLA",1.1134469826361e-06,0.561779506879972
"DLA",1.11359106662942e-06,0.561852203142998
"DLA",1.11373348738438e-06,0.561924060234299
"DLA",1.11387558570265e-06,0.561995754643114
"DLA",1.11401737347182e-06,0.562067292367216
"DLA",1.11416014718466e-06,0.56213932754019
"DLA",1.11430390975287e-06,0.562211861631117
"DLA",1.11444734858157e-06,0.562284232382227
"DLA",1.11459046874139e-06,0.562356442351862
"DLA",1.11473196990823e-06,0.562427835473374
"DLA",1.11487316042919e-06,0.562499071861346
"DLA",1.11501276056046e-06,0.562569505832722
"DLA",1.11515335777108e-06,0.56264044287138
"DLA",1.1152923432569e-06,0.562710566729009
"DLA",1.11543229505347e-06,0.562781178129902
"DLA",1.11557067036216e-06,0.562850994128237
"DLA",1.11571003393963e-06,0.562921308748552
"DLA",1.11584779986991e-06,0.56299081729057
"DLA",1.11598652355595e-06,0.563060809059509
"DLA",1.11612368453885e-06,0.563130012380852
"DLA",1.11626054443816e-06,0.563199063793221
"DLA",1.11639581453349e-06,0.563267313084507
"DLA",1.11653079197478e-06,0.563335414719868
"DLA",1.11666550613091e-06,0.56340338351711
"DLA",1.11679992574712e-06,0.563471203706924
"DLA",1.11693529485851e-06,0.563539502955857
"DLA",1.1170703906299e-06,0.563607664293592
"DLA",1.11720646347182e-06,0.563676318603339
"Drift",1.49450000000002e-06,0.563676318603339
"DLA",1.11748919308632e-06,0.563818967248396
"DLA",1.11777246062553e-06,0.56396188729845
"DLA",1.11805620586251e-06,0.564105048366556
"DLA",1.11834038023077e-06,0.564248425948923
"DLA",1.11862244853669e-06,0.564390740936776
"DLA",1.11890499342004e-06,0.564533296377419
"DLA",1.1191880381362e-06,0.564676104004136
"DLA",1.11947415311979e-06,0.564820460706253
"DLA",1.11976077459748e-06,0.564965072955336
"DLA",1.1200478963725e-06,0.565109937624872
"DLA",1.12033552671526e-06,0.56525505888762
"DLA",1.12062366290978e-06,0.565400435373248
"DLA",1.12091230719007e-06,0.565546068208917
"DLA",1.1212014567382e-06,0.565691955972856
"DLA",1.12149373887421e-06,0.565839424255405
"DLA",1.12178653556884e-06,0.565987152153802
"DLA",1.12207720117465e-06,0.566133804830802
"DLA",1.12236572472243e-06,0.566279376751984
"DLA",1.12265477420956e-06,0.56642521403106
"DLA",1.12294432283866e-06,0.566571303147661
"DLA",1.12323436766966e-06,0.566717642618398
"DLA",1.12352754104743e-06,0.566865560568836
"DLA",1.12382123774398e-06,0.567013742554984
"DLA",1.12411276737571e-06,0.567160831168369
"DLA",1.12440208319427e-06,0.567306802822539
"DLA",1.12469191611982e-06,0.567453035378316
"DLA",1.12498232145648e-06,0.567599556738889
"DLA",1.12527592765502e-06,0.567747693065096
"Drift",1.87853999999999e-06,0.567747693065096
"DLA",1.12541122311089e-06,0.567815955151809
"DLA",1.12554497165007e-06,0.567883436755836
"DLA",1.12567840612952e-06,0.567950759903896
"DLA",1.12581152731184e-06,0.568017924980744
"DLA",1.12594556325267e-06,0.56808555159065
"DLA",1.12607931485079e-06,0.568153034738037
"DLA",1.12621278385067e-06,0.568220375303064
"DLA",1.12634472634095e-06,0.568286945681609
"DLA",1.12647639707257e-06,0.568353378946807
"DLA",1.12660778369183e-06,0.568419668865708
"DLA",1.12673888287416e-06,0.56848581376093
"DLA",1.12686968356457e-06,0.56855180805478
"DLA",1.12700021144711e-06,0.568617664705909
"DLA",1.12713044550425e-06,0.568683373110115
"DLA",1.12725920652648e-06,0.568748338308012
"DLA",1.12738887925671e-06,0.568813763499854
"DLA",1.12751828034028e-06,0.568879051634852
"DLA",1.12764739939837e-06,0.568944197476473
"DLA",1.12777504600532e-06,0.569008600406319
"DLA",1.12790241782193e-06,0.569072864693205
"DLA",1.12802951813318e-06,0.569136991994542
"DLA",1.12815634368056e-06,0.569200980666275
"DLA",1.12828289616744e-06,0.569264831567831
"DLA",1.12840917502073e-06,0.569328544410054
"DLA",1.12853635980755e-06,0.569392714332771
"DLA",1.12866330622407e-06,0.569456763987925
"DLA",1.12879115921296e-06,0.569521271045892
"Drift",1.51085999999998e-06,0.569521271045892
"DLA",1.12907922733843e-06,0.569666613187906
"DLA",1.12936517540201e-06,0.569810885672056
"DLA",1.12964891429969e-06,0.569954043541721
"DLA",1.12993045596112e-06,0.570096092815905
"DLA",1.13020984427691e-06,0.570237055639209
"DLA",1.13049234093778e-06,0.570379586749636
"DLA",1.1307752587388e-06,0.570522330342483
"DLA",1.13106130002742e-06,0.570666649862472
"DLA",1.13135050026753e-06,0.570812563202587
"DLA",1.13164282208703e-06,0.570960051507081
"DLA",1.1319356431749e-06,0.571107791712866
"DLA",1.13222900856964e-06,0.571255806543713
"DLA",1.13252287658258e-06,0.571404074965984
"DLA",1.1328145668275e-06,0.571551244615288
"DLA",1.13310409710628e-06,0.571697324473401
"DLA",1.13339142597078e-06,0.571842293628044
"DLA",1.13367920058881e-06,0.571987487683559
"DLA",1.13396478726829e-06,0.572131577834657
"DLA",1.13425083830395e-06,0.572275902272426
"DLA",1.13453732466256e-06,0.572420446348414
"DLA",1.13482427456483e-06,0.572565224301125
"DLA",1.13511171520214e-06,0.572710249849716
"DLA",1.13539961884796e-06,0.572855509005024
"DLA",1.13568795624465e-06,0.573000987005376
"DLA",1.13597680989756e-06,0.573146725478084
"DLA",1.13626617966781e-06,0.573292724353081
"Drift",1.89814000000001e-06,0.573292724353081
"DLA",1.1363960034795e-06,0.573358225771697
"DLA",1.13652555351008e-06,0.573423589056548
"DLA",1.13665358610481e-06,0.573488186733004
"DLA",1.13678254501858e-06,0.573553251775268
"DLA",1.13691244534285e-06,0.573618791797604
"DLA",1.13704328069191e-06,0.573684803578159
"DLA",1.13717384380094e-06,0.573750678002492
"DLA",1.13730532781077e-06,0.573817017058916
"DLA",1.13743533627586e-06,0.573882611642715
"DLA",1.13756386507619e-06,0.573947459675172
"DLA",1.13769092278816e-06,0.574011565483432
"DLA",1.1378177009334e-06,0.574075530238851
"DLA",1.137944200118e-06,0.574139354247226
"DLA",1.13807161165403e-06,0.574203638574181
"DLA",1.13819875003734e-06,0.574267785084431
"DLA",1.13832562956478e-06,0.574331800991314
"DLA",1.13845223699397e-06,0.574395679613507
"DLA",1.13857858545161e-06,0.574459427573969
"DLA",1.13870348817634e-06,0.574522446103099
"DLA",1.13882811547293e-06,0.574585325667472
"DLA",1.13895245655837e-06,0.574648060826623
"DLA",1.1390777059704e-06,0.574711254273665
"DLA",1.1392026981609e-06,0.574774317941925
"DLA",1.13932858999e-06,0.574837835514632
"DLA",1.13945423108905e-06,0.57490122658378
"DLA",1.13957963424618e-06,0.574964497601505
"Drift",1.52615000000003e-06,0.574964497601505
"DLA",1.13985963794671e-06,0.575105770911559
"DLA",1.14013749896464e-06,0.575245963150677
"DLA",1.14041314638374e-06,0.57538503853872
"DLA",1.14068922479438e-06,0.575524331379606
"DLA",1.14096573138997e-06,0.5756638402573
"DLA",1.14124267059288e-06,0.575803567403067
"DLA",1.14152270769592e-06,0.575944857566056
"DLA",1.14180587325431e-06,0.576087726162618
"DLA",1.14208948542004e-06,0.57623082009084
"DLA",1.14237353879668e-06,0.576374136627993
"DLA",1.14265542500666e-06,0.576516359741
"DLA",1.14293778075146e-06,0.576658819753512
"DLA",1.1432205948309e-06,0.576801511014581
"DLA",1.14350389788346e-06,0.576944448982574
"DLA",1.1437876585833e-06,0.57708761785232
"DLA",1.14407453080955e-06,0.577232356614303
"DLA",1.1443592170431e-06,0.577375992453632
"DLA",1.14464433883465e-06,0.577519848049775
"DLA",1.14492986449295e-06,0.577663907413194
"DLA",1.14521590119608e-06,0.577808224619617
"DLA",1.14550242491853e-06,0.577952787547188
"DLA",1.14578935128378e-06,0.578097553624509
"DLA",1.14607402084091e-06,0.578241181049902
"DLA",1.14636188465152e-06,0.578386420106719
"DLA",1.14665292317451e-06,0.578533260935676
"DLA",1.146947234432e-06,0.578681752992937
"DLA",1.14724482291493e-06,0.578831898544362
"Drift",1.91746999999998e-06,0.578831898544362
"DLA",1.1473797433664e-06,0.578899971426035
"DLA",1.14751311729907e-06,0.578967264025765
"DLA",1.14764493113901e-06,0.579033769494961
"DLA",1.14777520598901e-06,0.579099498480833
"DLA",1.14790518790302e-06,0.579165079668525
"DLA",1.14803614676671e-06,0.579231153767258
"DLA",1.1481668319743e-06,0.579297089795308
"DLA",1.14829723204613e-06,0.579362881960714
"DLA",1.14842734762597e-06,0.579428530588279
"DLA",1.14855719078008e-06,0.579494041765932
"DLA",1.14868675122293e-06,0.579559410304204
"DLA",1.14881605237357e-06,0.579624648018956
"DLA",1.14894509354788e-06,0.579689754565028
"DLA",1.14907387746382e-06,0.579754731313731
"DLA",1.14920238031843e-06,0.579819566255516
"DLA",1.14933061456667e-06,0.579884265674405
"DLA",1.14945736020541e-06,0.579948214028968
"DLA",1.14958385670701e-06,0.58001203668366
"DLA",1.1497100905348e-06,0.58007572680868
"DLA",1.14983607613904e-06,0.580139291694775
"DLA",1.149961812875e-06,0.58020273101665
"DLA",1.15008847137923e-06,0.580266635408288
"DLA",1.15021484170757e-06,0.580330394403417
"DLA",1.15034094732997e-06,0.580394019843577
"DLA",1.15046678988243e-06,0.580457512554202
"DLA",1.15059236881734e-06,0.580520872259001
"DLA",1.15071891494131e-06,0.580584719950209
"DLA",1.1508464079645e-06,0.580649045390766
"Drift",1.54206999999997e-06,0.580649045390766
"DLA",1.15112110961697e-06,0.580787643600893
"DLA",1.15139364566138e-06,0.580925149173247
"DLA",1.15166136169723e-06,0.581060222854302
"DLA",1.1519268924985e-06,0.581194193995208
"DLA",1.15219543186935e-06,0.581329683082419
"DLA",1.15246704245058e-06,0.581466721720779
"DLA",1.15274170804696e-06,0.581605301739131
"DLA",1.15301941482386e-06,0.581745416157344
"DLA",1.15329755237212e-06,0.581885747917315
"DLA",1.15357614852758e-06,0.58202631106336
"DLA",1.15385517475596e-06,0.582167091198767
"DLA",1.15413465655438e-06,0.582308101187882
"DLA",1.15441197417556e-06,0.582448019261132
"DLA",1.15468971674405e-06,0.582588151737665
"DLA",1.15496525476783e-06,0.582727171931297
"DLA",1.1552412876031e-06,0.582866441777548
"DLA",1.15551512303742e-06,0.583004602945217
"DLA",1.15579202872075e-06,0.583144313178984
"DLA",1.15606940018806e-06,0.583284258419806
"DLA",1.15634988124589e-06,0.583425772576132
"DLA",1.15663075651649e-06,0.583567485628903
"DLA",1.1569147280285e-06,0.58371076086201
"DLA",1.15719649064607e-06,0.583852921617595
"DLA",1.15747867500312e-06,0.583995295157983
"DLA",1.15776130352851e-06,0.584137892799452
"DLA",1.15804440483609e-06,0.584280728978857
"DLA",1.15832797628054e-06,0.584423802361525
"DLA",1.15861466719689e-06,0.584568449645254
"DLA",1.15890188632954e-06,0.584713363435689
"Drift",1.93791000000004e-06,0.584713363435689
"DLA",1.15903947513898e-06,0.584782782613006
"DLA",1.15917548326208e-06,0.584851404269465
"DLA",1.15930991960084e-06,0.584919232896488
"DLA",1.15944276821598e-06,0.584986260452061
"DLA",1.15957532833544e-06,0.585053142449767
"DLA",1.15970762422589e-06,0.585119891133144
"DLA",1.15984092547879e-06,0.585187147062964
"DLA",1.15997523486164e-06,0.585254911635542
"DLA",1.16010926647466e-06,0.585322536061887
"DLA",1.16024302490227e-06,0.58539002265503
"DLA",1.16037523653906e-06,0.585456728828993
"DLA",1.16050718219883e-06,0.585523300806674
"DLA",1.16063887319555e-06,0.585589744296445
"DLA",1.16077154920195e-06,0.585656684763851
"DLA",1.16090395360053e-06,0.58572348819401
"DLA",1.16103608410765e-06,0.585790153434737
"DLA",1.16116794524476e-06,0.585856682767285
"DLA",1.16129828148296e-06,0.585922442726015
"DLA",1.16142835546101e-06,0.585988070363779
"DLA",1.16155692845405e-06,0.586052940693262
"DLA",1.16168647838609e-06,0.586118303928399
"DLA",1.16181453337073e-06,0.586182912901478
"DLA",1.16194356133564e-06,0.586248012782868
"DLA",1.16207110036702e-06,0.586312361436437
"DLA",1.16219960843581e-06,0.586377199008986
"DLA",1.16232663356124e-06,0.586441288376003
"DLA",1.16245462379711e-06,0.586505864680682
"DLA",1.16258239069924e-06,0.586570328304358
"DLA",1.16271113652038e-06,0.586635285832685
"Drift",1.55858000000012e-06,0.586635285832685
"DLA",1.16297852223888e-06,0.586770192855135
"DLA",1.16324382444421e-06,0.586904048660046
"DLA",1.16350693705719e-06,0.58703679972613
"DLA",1.16376787086749e-06,0.587168451497222
"DLA",1.16402923103949e-06,0.587300318385213
"DLA",1.16429357995924e-06,0.587433693218585
"DLA",1.16455835331076e-06,0.587567282195135
"DLA",1.16482355085005e-06,0.58770108519175
"DLA",1.16508919905779e-06,0.587835115569015
"DLA",1.16535269320183e-06,0.587968059133111
"DLA",1.16561402147904e-06,0.58809990992888
"DLA",1.16587576299392e-06,0.588231969219942
"DLA",1.16614051479909e-06,0.588365547325476
"DLA",1.16640568354411e-06,0.588499335794203
"DLA",1.16667385332184e-06,0.58863463840658
"DLA",1.16694247053259e-06,0.5887701667672
"DLA",1.16721151269744e-06,0.588905909534533
"DLA",1.16747836528558e-06,0.589040547570928
"DLA",1.16774563609094e-06,0.589175396615003
"DLA",1.16801072834066e-06,0.589309146488729
"DLA",1.16827620505616e-06,0.589443090341149
"DLA",1.16854209313662e-06,0.589577241744005
"DLA",1.16880841610101e-06,0.58971161256358
"DLA",1.16907512276521e-06,0.589846176975385
"DLA",1.16934224015097e-06,0.589980948613003
"DLA",1.16960979188372e-06,0.590115939396427
"DLA",1.169877726508e-06,0.590251123364278
"DLA",1.17014609518397e-06,0.590386526328948
"DLA",1.17041761322465e-06,0.590523518276818
"Drift",1.9584000000001e-06,0.590523518276818
"DLA",1.17055939886481e-06,0.590595054926745
"DLA",1.17070090652888e-06,0.590666451326375
"DLA",1.17084210996692e-06,0.590737694231542
"DLA",1.17098161693436e-06,0.590808081197959
"DLA",1.17112084119975e-06,0.590878325529644
"DLA",1.17126116027822e-06,0.590949122239264
"DLA",1.17140119021371e-06,0.591019773064437
"DLA",1.17154231739124e-06,0.59109097749306
"DLA",1.17168317554839e-06,0.591162046189906
"DLA",1.17182510837074e-06,0.591233657099263
"DLA",1.1719653812081e-06,0.591304430478356
"DLA",1.17210674849538e-06,0.591375756052161
"DLA",1.17224648695277e-06,0.591446259814719
"DLA",1.17238729148144e-06,0.591517301453804
"DLA",1.17252644918451e-06,0.591587512202076
"DLA",1.17266669260323e-06,0.59165827073826
"DLA",1.17280532012075e-06,0.59172821398625
"DLA",1.17294367289268e-06,0.591798018613865
"DLA",1.17308041030953e-06,0.591867008228824
"DLA",1.1732168790782e-06,0.5919358622998
"DLA",1.17335308276998e-06,0.592004582628648
"DLA",1.17348901776151e-06,0.592073167387242
"DLA",1.17362468687748e-06,0.592141618000745
"DLA",1.17376008829548e-06,0.592209933549689
"DLA",1.17389522364716e-06,0.592278114857296
"DLA",1.17403009647178e-06,0.592346163709272
"DLA",1.17416602464074e-06,0.592414745025601
"DLA",1.17430302790658e-06,0.592483868772239
"DLA",1.1744410947843e-06,0.592553529154542
"Drift",1.57483000000002e-06,0.592553529154542
"DLA",1.17469530132407e-06,0.592681786742718
"DLA",1.17494743491576e-06,0.592808998443873
"DLA",1.17519746458753e-06,0.592935148631448
"DLA",1.1754454012318e-06,0.593060242801112
"DLA",1.17569369245829e-06,0.593185515871993
"DLA",1.17594489209149e-06,0.593312256352922
"DLA",1.17619649944091e-06,0.593439202543345
"DLA",1.17644849069148e-06,0.593566342427587
"DLA",1.17670084295806e-06,0.593693664459163
"DLA",1.17695610748862e-06,0.593822455846931
"DLA",1.17720927098508e-06,0.593950187177133
"DLA",1.17746535677571e-06,0.59407939292417
"DLA",1.17772187658863e-06,0.594208817653194
"DLA",1.17797885759232e-06,0.594338475071807
"DLA",1.17823370610646e-06,0.594467056562291
"DLA",1.17849146426261e-06,0.594597106086077
"DLA",1.17874966405348e-06,0.594727378432634
"DLA",1.17901079197204e-06,0.594859128139276
"DLA",1.17927233555788e-06,0.594991087567042
"DLA",1.17953431767122e-06,0.595123268249859
"DLA",1.17979674267435e-06,0.595255672388675
"DLA",1.18005701300637e-06,0.595386989407857
"DLA",1.18031511922146e-06,0.595517214541607
"DLA",1.18057363014835e-06,0.595647643868996
"DLA",1.1808325433893e-06,0.595778276180271
"DLA",1.18109183975584e-06,0.595909101794065
"DLA",1.18135156371625e-06,0.596040143146443
"DLA",1.18161171293142e-06,0.596171399057227
"DLA",1.18187222127888e-06,0.596302836164924
"DLA",1.18213318044569e-06,0.59643450072941
"Drift",1.97888999999998e-06,0.59643450072941
"DLA",1.18228532749811e-06,0.596511265135275
"DLA",1.18243567863543e-06,0.596587123428573
"DLA",1.18258424343334e-06,0.596662080440637
"DLA",1.18273250320092e-06,0.59673688355243
"DLA",1.18288047472555e-06,0.596811541233881
"DLA",1.1830281709293e-06,0.596886060004694
"DLA",1.18317706733348e-06,0.596961184325671
"DLA",1.18332719503433e-06,0.597036929886142
"DLA",1.1834770341662e-06,0.597112529851764
"DLA",1.1836265742592e-06,0.597187978940062
"DLA",1.18377581467311e-06,0.597263276828005
"DLA",1.18392479644436e-06,0.597338444220163
"DLA",1.18407349434312e-06,0.597413468387045
"DLA",1.18422189292518e-06,0.597488341536416
"DLA",1.18437000743188e-06,0.597563071358165
"DLA",1.184516384655e-06,0.597636924649344
"DLA",1.18466248611034e-06,0.597710638804408
"DLA",1.1848082965045e-06,0.597784206107216
"DLA",1.18495384544892e-06,0.59785764149794
"DLA",1.18509911884918e-06,0.59793093786538
"DLA",1.18524701926226e-06,0.598005559668144
"DLA",1.18539463140545e-06,0.59808003602697
"DLA",1.18554195950202e-06,0.598154369072664
"DLA",1.18568898718203e-06,0.598228550545928
"DLA",1.18583430059724e-06,0.598301867102541
"DLA",1.18597791469822e-06,0.598374326285681
"DLA",1.18612124255736e-06,0.598446641048114
"DLA",1.18626430024533e-06,0.598518819498146
"DLA",1.18640708702201e-06,0.598590861262367
"DLA",1.18655101555496e-06,0.598663479089284
"DLA",1.1866946808973e-06,0.598735964125782
"DLA",1.18683809767717e-06,0.598808323752354
"Drift",1.59190000000012e-06,0.598808323752354
"DLA",1.18707780771585e-06,0.598929267263296
"DLA",1.18731555670913e-06,0.599049221346687
"DLA",1.18755124966836e-06,0.599168138076869
"DLA",1.18778728547626e-06,0.599287227788226
"DLA",1.18802368783215e-06,0.599406502438018
"DLA",1.18826047660192e-06,0.599525972049405
"DLA",1.18850002548074e-06,0.599646834248606
"DLA",1.18874236522003e-06,0.599769104550972
"DLA",1.18898510349799e-06,0.599891575932385
"DLA",1.18922824234501e-06,0.600014249417258
"DLA",1.1894717797286e-06,0.600137123980123
"DLA",1.18971571557128e-06,0.600260199581877
"DLA",1.18996004985939e-06,0.600383476215636
"DLA",1.1902023540019e-06,0.600505728557969
"DLA",1.19044503023985e-06,0.600628168637664
"DLA",1.19068566226757e-06,0.600749577329755
"DLA",1.19092672620733e-06,0.600871203939118
"DLA",1.19116575147977e-06,0.600991801957503
"DLA",1.19140757941106e-06,0.601113814031817
"DLA",1.19164736405794e-06,0.601234795185639
"DLA",1.19188752454801e-06,0.601355965967716
"DLA",1.19212555966839e-06,0.601476064413921
"DLA",1.19236396563969e-06,0.601596349969573
"DLA",1.19260279211886e-06,0.601716847688627
"DLA",1.19284198443204e-06,0.601837529985895
"DLA",1.19308399989135e-06,0.601959636675758
"DLA",1.19332888929641e-06,0.602083193388702
"DLA",1.19357662006459e-06,0.602208183685464
"DLA",1.19382469707706e-06,0.602333348676618
"DLA",1.19407311670154e-06,0.602458686529538
"DLA",1.19432444390263e-06,0.602585491373679
"DLA",1.19457621140712e-06,0.602712518368881
"DLA",1.19482842550534e-06,0.60283977068887
"Drift",2.00103000000013e-06,0.60283977068887
"DLA",1.19499320704156e-06,0.602922909708152
"DLA",1.19515605026652e-06,0.603005070770193
"DLA",1.19531693316481e-06,0.603086242767312
"DLA",1.19547749098163e-06,0.603167250747541
"DLA",1.19563613088533e-06,0.603247291062223
"DLA",1.19579609981972e-06,0.603328001927205
"DLA",1.19595577453515e-06,0.603408564346693
"DLA",1.1961167521344e-06,0.603489784124317
"DLA",1.19627742941883e-06,0.603570852380842
"DLA",1.19643780339279e-06,0.603651767604838
"DLA",1.19659787948658e-06,0.603732532536116
"DLA",1.19675765695103e-06,0.603813146796684
"DLA",1.19691713760921e-06,0.60389361130636
"DLA",1.19707473896273e-06,0.603973127630034
"DLA",1.19723203281982e-06,0.604052488809195
"DLA",1.19738743550338e-06,0.604130895814014
"DLA",1.19754414317567e-06,0.604209961238984
"DLA",1.19769739323643e-06,0.604287282157633
"DLA",1.19785352927317e-06,0.604366059169109
"DLA",1.19800938702254e-06,0.604444695773229
"DLA",1.19816498390333e-06,0.604523200758493
"DLA",1.19831713942894e-06,0.604599969439425
"DLA",1.1984721699868e-06,0.604678188691626
"DLA",1.19862534020428e-06,0.604755469326074
"DLA",1.19877977833687e-06,0.604833389675516
"DLA",1.19893392871135e-06,0.604911164839229
"DLA",1.19908780737415e-06,0.604988802913294
"DLA",1.19923983268786e-06,0.605065505897004
"DLA",1.19939159699347e-06,0.605142077191456
"DLA",1.19954308635651e-06,0.605218509766152
"DLA",1.19969429662269e-06,0.605294801525072
"DLA",1.19984521540125e-06,0.605370946216573
"DLA",1.1999974396933e-06,0.605447749592985
"DLA",1.20014939839028e-06,0.605524418965833
"Drift",1.60996999999998e-06,0.605524418965833
"DLA",1.20037191453834e-06,0.605636687456276
"DLA",1.20059479515929e-06,0.605749139838189
"DLA",1.20081342119778e-06,0.605859445609374
"DLA",1.20103240718897e-06,0.605969932991405
"DLA",1.20125172536855e-06,0.606080587976057
"DLA",1.20147369276116e-06,0.606192579596952
"DLA",1.20169603929841e-06,0.606304762511809
"DLA",1.20192334353811e-06,0.606419446790166
"DLA",1.20214869871552e-06,0.606533147686945
"DLA",1.20237442072942e-06,0.60664703366772
"DLA",1.20259820162368e-06,0.606759940274307
"DLA",1.20282234368478e-06,0.606873029104327
"DLA",1.20304685206648e-06,0.606986302758062
"DLA",1.203271719901e-06,0.607099757770434
"DLA",1.20349694910049e-06,0.607213395106203
"DLA",1.20372253779896e-06,0.607327213823896
"DLA",1.20394848797102e-06,0.607441214919788
"DLA",1.20417480480135e-06,0.607555401009762
"DLA",1.20440144104548e-06,0.607669748257054
"DLA",1.20463076397901e-06,0.607785451048943
"DLA",1.20486282155847e-06,0.607902533581467
"DLA",1.20509758585875e-06,0.608020981765261
"DLA",1.20533039611716e-06,0.608138444055076
"DLA",1.20556359742768e-06,0.608256103646661
"DLA",1.20579481243976e-06,0.608372761069505
"DLA",1.20602403165611e-06,0.608488411531841
"DLA",1.20625126649652e-06,0.608603060795417
"DLA",1.20647883462495e-06,0.608717878216421
"DLA",1.20670677882342e-06,0.608832885380131
"DLA",1.20693509919667e-06,0.60894808233939
"DLA",1.20716375285257e-06,0.609063447453364
"DLA",1.20739515362662e-06,0.609180198600715
"DLA",1.20762937451302e-06,0.609298372609999
"DLA",1.20786638092981e-06,0.609417952033201
"Drift",2.02373e-06,0.609417952033201
"DLA",1.20803997560255e-06,0.609505537640037
"DLA",1.20820968582388e-06,0.60959116338238
"DLA",1.20837551785498e-06,0.609674832419263
"DLA",1.20854107334077e-06,0.609758361927734
"DLA",1.2087063446857e-06,0.609841748075532
"DLA",1.2088731083105e-06,0.609925887139505
"DLA",1.20904135062702e-06,0.610010772263884
"DLA",1.20921104824188e-06,0.610096391645753
"DLA",1.20937868223355e-06,0.610180969845385
"DLA",1.20954602241476e-06,0.610265399805633
"DLA",1.20971305321306e-06,0.610349673669556
"DLA",1.20987979120969e-06,0.610433799803071
"DLA",1.21004622225965e-06,0.610517771069452
"DLA",1.21021408110317e-06,0.610602462716027
"DLA",1.21038164003036e-06,0.610687003042562
"DLA",1.21054891684058e-06,0.610771401029555
"DLA",1.21071589465692e-06,0.610855648161919
"DLA",1.21088257532308e-06,0.610939745369869
"DLA",1.21104896319936e-06,0.611023694853362
"DLA",1.21121505365835e-06,0.611107494277676
"DLA",1.21138084993875e-06,0.611191145276864
"DLA",1.21154634978098e-06,0.611274646710886
"DLA",1.21171156941642e-06,0.611358006769134
"DLA",1.21187478002244e-06,0.61144035318993
"DLA",1.21203939055195e-06,0.611523405929341
"DLA",1.21220370677368e-06,0.611606310178448
"DLA",1.21236774616729e-06,0.611689074756455
"DLA",1.21253149216321e-06,0.611771691303336
"DLA",1.21269496083555e-06,0.611854167929137
"DLA",1.21285645591381e-06,0.61193564879607
"DLA",1.21301765263607e-06,0.612016979130205
"DLA",1.21317853737257e-06,0.61209815205478
"DLA",1.21334081642846e-06,0.612180028470466
"DLA",1.21350114281647e-06,0.612260919685403
"DLA",1.21366290447287e-06,0.6123425350519
"Drift",1.62822000000006e-06,0.6123425350519
"DLA",1.21387138109694e-06,0.612447720028728
"DLA",1.21407805589637e-06,0.612551995911388
"DLA",1.21428721143043e-06,0.61265752342605
"DLA",1.21449449889265e-06,0.612762108422124
"DLA",1.2147020920307e-06,0.612866847644149
"DLA",1.21491000917645e-06,0.612971750341294
"DLA",1.21511825035189e-06,0.613076816524666
"DLA",1.21532685251982e-06,0.6131820648435
"DLA",1.21553579570729e-06,0.61328748522063
"DLA",1.21574508346902e-06,0.613393079449555
"DLA",1.21595469569363e-06,0.613498837383265
"DLA",1.21616686215741e-06,0.613605884035022
"DLA",1.21637716000725e-06,0.613711987894676
"DLA",1.21658782158445e-06,0.613818275269651
"DLA",1.21679882496998e-06,0.613924735100897
"DLA",1.21701017367801e-06,0.614031369161459
"DLA",1.21722187103746e-06,0.614138179130911
"DLA",1.2174339057037e-06,0.614245159285417
"DLA",1.21764628618165e-06,0.614352313916069
"DLA",1.21785900906661e-06,0.614459641305051
"DLA",1.21807207788589e-06,0.614567143232033
"DLA",1.21828328638387e-06,0.614673706550894
"DLA",1.21849706030378e-06,0.614781564229962
"DLA",1.218711142692e-06,0.614889577543897
"DLA",1.21892558876143e-06,0.614997774349864
"DLA",1.21914039687491e-06,0.615106153821851
"DLA",1.21935553265451e-06,0.615214698614786
"DLA",1.21957101343847e-06,0.615323417476525
"DLA",1.21978685841473e-06,0.615432320088158
"DLA",1.22000302949473e-06,0.615541387232457
"DLA",1.22021954585989e-06,0.615650628587229
"DLA",1.22043640759904e-06,0.615760044197297
"DLA",1.22065359551196e-06,0.615869624375359
"DLA",1.2208711096012e-06,0.615979369122706
"DLA",1.2210867103153e-06,0.616088148494099
"DLA",1.22130269071324e-06,0.616197119431506
"Drift",2.04696000000001e-06,0.616197119431506
"DLA",1.2214849642013e-06,0.616289083855346
"DLA",1.22166694554281e-06,0.616380900879319
"DLA",1.22185051581624e-06,0.616473519584378
"DLA",1.22203373754681e-06,0.616565962435323
"DLA",1.22221661140361e-06,0.616658229769734
"DLA",1.22239915428475e-06,0.616750330113396
"DLA",1.22257947813377e-06,0.616841310864667
"DLA",1.2227595130619e-06,0.616932145843542
"DLA",1.22293924036413e-06,0.617022825612577
"DLA",1.2231186795481e-06,0.61711336001418
"DLA",1.22329781343434e-06,0.617203740380593
"DLA",1.22347851102744e-06,0.617294909701031
"DLA",1.22365699596212e-06,0.617384962644865
"DLA",1.22383519477283e-06,0.617474871227464
"DLA",1.22401308893356e-06,0.617564626101698
"DLA",1.22419069776907e-06,0.617654237017695
"DLA",1.22436800426199e-06,0.617743695389503
"DLA",1.22454685832067e-06,0.617833934571481
"DLA",1.22472352213102e-06,0.617923068683665
"DLA",1.22489990259923e-06,0.618012059838161
"DLA",1.22507412157018e-06,0.61809996042895
"DLA",1.22524804979457e-06,0.618187714326221
"DLA",1.22541984856499e-06,0.618274393826935
"DLA",1.22559322645773e-06,0.618361870059398
"DLA",1.22576444901996e-06,0.618448258839538
"DLA",1.22593721466468e-06,0.618535426167849
"DLA",1.22610786501627e-06,0.618621526244333
"DLA",1.22628008384585e-06,0.618708417682065
"DLA",1.22645199664311e-06,0.618795154713982
"DLA",1.22662543457847e-06,0.618882661240397
"DLA",1.22679857697965e-06,0.618970018657745
"DLA",1.22697324519e-06,0.619058145908175
"DLA",1.22714759715471e-06,0.619146113599754
"DLA",1.22732164756946e-06,0.619233929147055
"DLA",1.22749539688871e-06,0.61932159277937
"DLA",1.22767071988106e-06,0.619410050394076
"Drift",1.64687000000004e-06,0.619410050394076
"DLA",1.22786256809602e-06,0.619506845658941
"DLA",1.22805269491211e-06,0.619602772407722
"DLA",1.22824112170162e-06,0.619697841423622
"DLA",1.2284277616276e-06,0.619792008893845
"DLA",1.22861465478749e-06,0.619886304130924
"DLA",1.22880593435551e-06,0.619982812490168
"DLA",1.22899754154362e-06,0.620079486147135
"DLA",1.22919153126614e-06,0.62017736189008
"DLA",1.22938380733167e-06,0.620274373023044
"DLA",1.22957846975583e-06,0.620372588171459
"DLA",1.22976931072346e-06,0.62046887523888
"DLA",1.22996458502136e-06,0.620567399102602
"DLA",1.23015809857887e-06,0.620665034600841
"DLA",1.23035192918689e-06,0.620762830064021
"DLA",1.23054400494404e-06,0.62085974013322
"DLA",1.23073642495646e-06,0.620956823893267
"DLA",1.2309250076756e-06,0.62105197158204
"DLA",1.23111387111671e-06,0.621147260906513
"DLA",1.23130512150495e-06,0.621243754543368
"DLA",1.23149876651657e-06,0.621341456365576
"DLA",1.23169479633058e-06,0.621440361418053
"DLA",1.23189323762289e-06,0.621540483159885
"DLA",1.23209409990895e-06,0.621641826392003
"DLA",1.23229527593066e-06,0.621743327916578
"DLA",1.23249469444544e-06,0.621843942707086
"DLA",1.23269444034545e-06,0.621944722676816
"DLA",1.23289239883168e-06,0.622044600823249
"DLA",1.23309067971904e-06,0.622144641634228
"DLA",1.23328717861879e-06,0.622243783359634
"DLA",1.2334860958201e-06,0.622344145217001
"DLA",1.23368535164104e-06,0.622444677921816
"DLA",1.23388703806798e-06,0.622546436966689
"DLA",1.23408693491365e-06,0.622647293094679
"DLA",1.23428713147011e-06,0.622748300439007
"DLA",1.2344877048999e-06,0.622849497931332
"DLA",1.23468863814987e-06,0.622950876967644
"Drift",2.07005000000004e-06,0.622950876967644
"DLA",1.2348837851569e-06,0.623049336607923
"DLA",1.23507860716398e-06,0.623147632272443
"DLA",1.23527099916413e-06,0.623244701899155
"DLA",1.23546302919648e-06,0.623341588898324
"DLA",1.23565268031903e-06,0.623437275640279
"DLA",1.23584202591284e-06,0.623532808230494
"DLA",1.23603106486141e-06,0.623628186105656
"DLA",1.23622185782231e-06,0.623724448951721
"DLA",1.23641234287661e-06,0.623820556446321
"DLA",1.23660251454333e-06,0.623916505824082
"DLA",1.23679235742907e-06,0.624012289318399
"DLA",1.23698395138687e-06,0.624108956300138
"DLA",1.23717521446493e-06,0.62420545633952
"DLA",1.23736616324139e-06,0.624301797800906
"DLA",1.2375547411147e-06,0.624396943044753
"DLA",1.23774507665368e-06,0.624492975102764
"DLA",1.2379350968764e-06,0.624588848070836
"DLA",1.23812480678819e-06,0.624684564474363
"DLA",1.23831219865168e-06,0.62477911132779
"DLA",1.23850129667722e-06,0.624874519009696
"DLA",1.23868805275786e-06,0.624968745084692
"DLA",1.23887449056729e-06,0.625062810578853
"DLA",1.23905863441186e-06,0.625155718673995
"DLA",1.23924248096765e-06,0.625248476774799
"DLA",1.23942602916248e-06,0.625341084340302
"DLA",1.23960928097127e-06,0.625433542366938
"DLA",1.23979026193505e-06,0.625524854659459
"DLA",1.23997093737423e-06,0.625616012802334
"DLA",1.24015132557868e-06,0.625707026023554
"DLA",1.24033341210573e-06,0.625798896117929
"DLA",1.24051517129956e-06,0.625890601059312
"DLA",1.24069860025254e-06,0.625983148462434
"DLA",1.2408857110471e-06,0.626077553505094
"DLA",1.24107645112386e-06,0.626173789668949
"DLA",1.24126689333154e-06,0.62626987554568
"Drift",1.66489000000001e-06,0.62626987554568
"DLA",1.24144629299296e-06,0.626360390006537
"DLA",1.24162223509075e-06,0.626449159985243
"DLA",1.2417947076905e-06,0.626536179460392
"DLA",1.24196553963702e-06,0.626622371158939
"DLA",1.24213664198926e-06,0.626708699288225
"DLA",1.24231183212766e-06,0.626797089872687
"DLA",1.24248919392337e-06,0.626886576147009
"DLA",1.24266686721173e-06,0.626976219582101
"DLA",1.24284485223251e-06,0.627066020298947
"DLA",1.24302123676899e-06,0.62715501350605
"DLA",1.24319599725119e-06,0.627243187311397
"DLA",1.24336915714559e-06,0.627330553554787
"DLA",1.24354260079129e-06,0.627418062962306
"DLA",1.24371632697672e-06,0.627505714922664
"DLA",1.24389035311695e-06,0.627593518222476
"DLA",1.24406467950023e-06,0.627681473007179
"DLA",1.2442392741688e-06,0.627769563152775
"DLA",1.24441413866578e-06,0.627857789437829
"DLA",1.24458927310545e-06,0.627946151920004
"DLA",1.24476661153452e-06,0.628035626404904
"DLA",1.2449442388794e-06,0.628125246659639
"DLA",1.24512409831649e-06,0.628215993096109
"DLA",1.24530423681476e-06,0.628306880330354
"DLA",1.24548663376981e-06,0.628398907048341
"DLA",1.24566740008274e-06,0.628490111040739
"DLA",1.24584846424581e-06,0.6285814653107
"DLA",1.24602787155495e-06,0.628671983630146
"DLA",1.24620757061675e-06,0.628762649150731
"DLA",1.24638756594105e-06,0.628853464147855
"DLA",1.24656785209543e-06,0.628944425880639
"DLA",1.24674843215411e-06,0.629035535900158
"DLA",1.24692930339362e-06,0.6291267928323
"DLA",1.24711048286758e-06,0.629218205281321
"DLA",1.2472919760458e-06,0.629309776006961
"DLA",1.24747577801005e-06,0.629402511609511
"DLA",1.2476618794014e-06,0.629496407367005
"Drift",2.0923499999999e-06,0.629496407367005
"DLA",1.247872842559e-06,0.629602846901617
"DLA",1.24808120027813e-06,0.629707971886039
"DLA",1.24828693019758e-06,0.629811771038135
"DLA",1.24849004625868e-06,0.629914251391865
"DLA",1.24869504799831e-06,0.630017683147481
"DLA",1.24889749021724e-06,0.630119823520301
"DLA",1.24910184873254e-06,0.630222930742955
"DLA",1.24930590104693e-06,0.630325883474735
"DLA",1.24950966814964e-06,0.630428692305571
"DLA",1.24971089807263e-06,0.630530221025544
"DLA",1.24991402737038e-06,0.63063270805771
"DLA",1.25011462894543e-06,0.630733919750468
"DLA",1.25031490078737e-06,0.6308349650794
"DLA",1.25051482611052e-06,0.630935835575437
"DLA",1.25071445736406e-06,0.631036557701344
"DLA",1.25091377603466e-06,0.631137122116378
"DLA",1.25111276848757e-06,0.631237521941254
"DLA",1.25131364236537e-06,0.631338871021883
"DLA",1.25151202475437e-06,0.631438963044587
"DLA",1.25171226696333e-06,0.631539993422469
"DLA",1.25191220851781e-06,0.631640872107874
"DLA",1.25211185289387e-06,0.631741600854628
"DLA",1.25230899357726e-06,0.631841066386103
"DLA",1.25250801190849e-06,0.631941479267653
"DLA",1.25270457155577e-06,0.632040651642667
"DLA",1.25290078887491e-06,0.632139651299149
"DLA",1.25309668300221e-06,0.632238487892134
"DLA",1.2532923053568e-06,0.632337187364682
"DLA",1.25348760696036e-06,0.632435725005228
"DLA",1.25368256830296e-06,0.632534090970213
"DLA",1.25387725909974e-06,0.632632320433775
"DLA",1.25407166425283e-06,0.632730405778423
"DLA",1.25426573052964e-06,0.632828320146133
"DLA",1.25446164770229e-06,0.632927168366441
"DLA",1.25465945831269e-06,0.633026971903477
"DLA",1.25485909629363e-06,0.633127697423627
"Drift",1.68281000000002e-06,0.633127697423627
"DLA",1.2550179257621e-06,0.633207833381481
"DLA",1.25517529978131e-06,0.633287235005708
"DLA",1.25532946531556e-06,0.633365017818143
"DLA",1.25548215673046e-06,0.633442056877123
"DLA",1.25563507445207e-06,0.63351921011709
"DLA",1.25578998556692e-06,0.633597369105409
"DLA",1.25594515631992e-06,0.633675659091786
"DLA",1.25610231720163e-06,0.633754953179431
"DLA",1.25625972910973e-06,0.633834373920148
"DLA",1.25641740594634e-06,0.633913928328123
"DLA",1.25657533421415e-06,0.633993609593415
"DLA",1.25673351411295e-06,0.634073417816825
"DLA",1.25689021032691e-06,0.634152477460599
"DLA",1.2570471821923e-06,0.634231676181786
"DLA",1.25720441367371e-06,0.634311005889865
"DLA",1.25736192135308e-06,0.634390474951101
"DLA",1.2575197043027e-06,0.634470082897426
"DLA",1.25767950901229e-06,0.634550710904285
"DLA",1.25783955311338e-06,0.634631459693937
"DLA",1.25799985069259e-06,0.634712336373658
"DLA",1.25816041517929e-06,0.634793347719118
"DLA",1.2583212340526e-06,0.634874487413018
"DLA",1.25848233437684e-06,0.634955769110414
"DLA",1.25864193359834e-06,0.635036293440133
"DLA",1.25880179737855e-06,0.635116951250528
"DLA",1.25896013809354e-06,0.635196840612281
"DLA",1.25911876764581e-06,0.635276875704242
"DLA",1.25927764137886e-06,0.635357033995391
"DLA",1.25943856846602e-06,0.635438228287598
"DLA",1.25959977435153e-06,0.635519563244972
"DLA",1.25976302901774e-06,0.635601931895936
"DLA",1.25992652559902e-06,0.635684422602938
"DLA",1.2600902920353e-06,0.635767049462813
"DLA",1.26025432986001e-06,0.635849813249247
"DLA",1.26041863802313e-06,0.635932713432458
"DLA",1.26058325915962e-06,0.636015771523523
"DLA",1.26074819369366e-06,0.636098987736457
"Drift",2.11480000000006e-06,0.636098987736457
"DLA",1.26096506964998e-06,0.636208410519665
"DLA",1.26117918777709e-06,0.636316441865332
"DLA",1.26139054199697e-06,0.636423078706848
"DLA",1.26160157390051e-06,0.636529552926595
"DLA",1.26180989420304e-06,0.636634659032815
"DLA",1.26202029842714e-06,0.636740816562633
"DLA",1.26223280912108e-06,0.636848036892573
"DLA",1.26244739802717e-06,0.636956305765474
"DLA",1.2626616283399e-06,0.637064393713368
"DLA",1.2628779021482e-06,0.637173512688293
"DLA",1.26309386525288e-06,0.637282474900544
"DLA",1.263309501873e-06,0.63739127238799
"DLA",1.26352479184005e-06,0.637499894974796
"DLA",1.26373975449145e-06,0.637608352417482
"DLA",1.2639520384761e-06,0.637715458363321
"DLA",1.2641639877158e-06,0.637822395416649
"DLA",1.26437561879152e-06,0.63792917194325
"DLA",1.26458695248981e-06,0.638035798430784
"DLA",1.2647979687173e-06,0.638142264741323
"DLA",1.26501099704605e-06,0.63824974623918
"DLA",1.26522371868746e-06,0.638357073000734
"DLA",1.26543609940071e-06,0.638464227750108
"DLA",1.26564813803711e-06,0.638571209907725
"DLA",1.26585753375377e-06,0.638676858604325
"DLA",1.26606661622863e-06,0.638782349257635
"DLA",1.26627538428195e-06,0.638887681272427
"DLA",1.26648383990713e-06,0.638992855654455
"DLA",1.26669198187645e-06,0.639097871784281
"DLA",1.26690212565192e-06,0.639203897907124
"DLA",1.26711194954523e-06,0.639309762636343
"DLA",1.26732143497143e-06,0.639415456595072
"DLA",1.26752830887023e-06,0.639519832931499
"DLA",1.26773487283822e-06,0.639624052895166
"DLA",1.26794112571741e-06,0.639728115901821
"DLA",1.26814712354321e-06,0.639832050223619
"DLA",1.26835284648843e-06,0.639935845856929
"Drift",1.70058000000017e-06,0.639935845856929
"DLA",1.26849095924331e-06,0.640005529386128
"DLA",1.26862930891683e-06,0.640075332450471
"DLA",1.26876632640443e-06,0.640144463372567
"DLA",1.26890201572282e-06,0.640212924179023
"DLA",1.2690363710341e-06,0.640280711924367
"DLA",1.26917251501555e-06,0.640349402126917
"DLA",1.26930887758752e-06,0.640418202617318
"DLA",1.26944701407405e-06,0.640487898120104
"DLA",1.2695853817657e-06,0.640557710275327
"DLA",1.26972554606591e-06,0.640628428892993
"DLA",1.2698643822131e-06,0.640698477403177
"DLA",1.27000345478246e-06,0.64076864519801
"DLA",1.27014120214269e-06,0.640838144370683
"DLA",1.27028074177037e-06,0.640908547815523
"DLA",1.27041895150142e-06,0.64097828027317
"DLA",1.27055895925853e-06,0.641048919908441
"DLA",1.27069763241799e-06,0.641118886184659
"DLA",1.27083810937233e-06,0.641189762549105
"DLA",1.27097724701469e-06,0.641259963175927
"DLA",1.271118194231e-06,0.641331076806761
"DLA",1.27125779740731e-06,0.641401512314486
"DLA",1.2713992159469e-06,0.641472863747176
"DLA",1.27153928570516e-06,0.641543534664562
"DLA",1.27168117662612e-06,0.641615124432958
"DLA",1.27182171401101e-06,0.641686031287091
"DLA",1.27196248336397e-06,0.64175705517859
"DLA",1.27210187807315e-06,0.641827385506131
"DLA",1.27224311360619e-06,0.641898644604536
"DLA",1.27238458527578e-06,0.64197002284348
"DLA",1.27252789438894e-06,0.642042328147801
"DLA",1.27266980696715e-06,0.642113928843162
"DLA",1.27281360189532e-06,0.642186479261008
"DLA",1.27295763600061e-06,0.642259150353488
"DLA",1.27310192596562e-06,0.642331950537648
"DLA",1.2732464946538e-06,0.642404891349044
"DLA",1.2733945911215e-06,0.642479612069374
"Drift",2.13649000000032e-06,0.642479612069374
"DLA",1.27362431103222e-06,0.642595515152484
"DLA",1.27385109434114e-06,0.642709936599972
"DLA",1.27407493552133e-06,0.642822873623276
"DLA",1.27429842854094e-06,0.642935634985337
"DLA",1.27452155038307e-06,0.643048209073192
"DLA",1.27474693226327e-06,0.643161923442616
"DLA",1.27496942028834e-06,0.643274177743865
"DLA",1.27519418423368e-06,0.643387580339899
"DLA",1.27541864916325e-06,0.643500832070257
"DLA",1.27564537182912e-06,0.643615222920847
"DLA",1.27587176914241e-06,0.643729449617763
"DLA",1.27610295309613e-06,0.643846091370399
"DLA",1.2763337575745e-06,0.643962541662212
"DLA",1.27656420004114e-06,0.64407880930431
"DLA",1.27679177944186e-06,0.644193632412646
"DLA",1.27701902869183e-06,0.644308288946433
"DLA",1.2772434130281e-06,0.644421500014179
"DLA",1.27746496665241e-06,0.644533282872055
"DLA",1.27768368149614e-06,0.644643633449111
"DLA",1.2779020514674e-06,0.644753810023917
"DLA",1.27812011976632e-06,0.644863834392695
"DLA",1.278340393519e-06,0.644974971503026
"DLA",1.27856284481354e-06,0.64508720727222
"DLA",1.2787874771208e-06,0.645200543451461
"DLA",1.27901181113861e-06,0.645313729131486
"DLA",1.27923581884446e-06,0.645426750173792
"DLA",1.27945700167913e-06,0.645538345953142
"DLA",1.27967539343083e-06,0.645648533517067
"DLA",1.27989098615382e-06,0.645757308856622
"DLA",1.28010625601055e-06,0.645865921296945
"DLA",1.28031874518458e-06,0.645973130769214
"DLA",1.28053093892769e-06,0.646080191184508
"DLA",1.28074283757873e-06,0.646187102713789
"DLA",1.28095443977981e-06,0.646293864671955
"DLA",1.28116574751879e-06,0.646400478061951
"DLA",1.28137679780779e-06,0.646506961557917
"DLA",1.28158757204001e-06,0.646613305771954
"Drift",1.7179799999999e-06,0.646613305771954
"DLA",1.28170352716074e-06,0.646671809869191
"DLA",1.2818196779728e-06,0.646730412700707
"DLA",1.28193601496771e-06,0.646789109469076
"DLA",1.282052538363e-06,0.646847900284058
"DLA",1.28216924744687e-06,0.646906784786512
"DLA",1.28228615318973e-06,0.646965768511471
"DLA",1.28240325585293e-06,0.64702485159078
"DLA",1.28252054522842e-06,0.647084028874078
"DLA",1.28263803205124e-06,0.647143305777621
"DLA",1.28275572650733e-06,0.647202687440629
"DLA",1.2828736180153e-06,0.647262168524368
"DLA",1.28299170774709e-06,0.647321749620124
"DLA",1.28310999596341e-06,0.647381430859442
"DLA",1.28322847233806e-06,0.647441207032319
"DLA",1.28334714772349e-06,0.647501083614272
"DLA",1.28346602234962e-06,0.647561060721302
"DLA",1.28358508547545e-06,0.647621132934132
"DLA",1.28370435843811e-06,0.647681311018221
"DLA",1.28382384246795e-06,0.647741595594323
"DLA",1.28394351517445e-06,0.647801975365514
"DLA",1.28406338782333e-06,0.647862456015809
"DLA",1.28418346064108e-06,0.647923037659473
"DLA",1.28430512911962e-06,0.647984424379222
"DLA",1.28442558254054e-06,0.648045198052745
"DLA",1.28454764789114e-06,0.648106785010667
"DLA",1.28466850414133e-06,0.648167761928016
"DLA",1.28479098779644e-06,0.648229559937661
"DLA",1.28491227265159e-06,0.648290753103729
"DLA",1.2850351885121e-06,0.648352769178659
"DLA",1.28515689112675e-06,0.648414173121466
"DLA",1.28528021876959e-06,0.648476396957411
"DLA",1.28540232989929e-06,0.648538007012759
"DLA",1.28552463373452e-06,0.648599714295926
"DLA",1.28564713048487e-06,0.648661518912649
"DLA",1.28576983075631e-06,0.648723426214081
"DLA",1.28589275570575e-06,0.64878544687475
"DLA",1.28601735657678e-06,0.648848313106345
"Drift",2.15830000000005e-06,0.648848313106345
"DLA",1.28625397335383e-06,0.64896769594038
"DLA",1.28648749391505e-06,0.649085516606988
"DLA",1.2867206659377e-06,0.649203161421645
"DLA",1.28695072331674e-06,0.649319234771312
"DLA",1.28718046404489e-06,0.649435148357666
"DLA",1.28741266914981e-06,0.64955230532281
"DLA",1.28764732297703e-06,0.649670697768429
"DLA",1.28788166433213e-06,0.649788932559099
"DLA",1.28811569170568e-06,0.64990700893324
"DLA",1.28834940534085e-06,0.650024927013548
"DLA",1.28858280566384e-06,0.650142687015053
"DLA",1.28881589112251e-06,0.650260288154646
"DLA",1.28904866561882e-06,0.650377732401019
"DLA",1.28928112765983e-06,0.650495019000923
"DLA",1.28951329727442e-06,0.650612158059747
"DLA",1.28974513527153e-06,0.650729129804
"DLA",1.28997664200172e-06,0.650845934410555
"DLA",1.29020781786455e-06,0.650962572081003
"DLA",1.29043870265286e-06,0.65107906289246
"DLA",1.29066927868257e-06,0.651195397922586
"DLA",1.29089952306652e-06,0.651311565623876
"DLA",1.29112678798883e-06,0.651426230064998
"DLA",1.29135379218584e-06,0.651540762959555
"DLA",1.29158047364711e-06,0.65165513302074
"DLA",1.29180685576032e-06,0.651769352048599
"DLA",1.29203295655194e-06,0.651883429138215
"DLA",1.29226142248508e-06,0.651998699538387
"DLA",1.29248956080069e-06,0.652113804642124
"DLA",1.29271737185628e-06,0.652228744629808
"DLA",1.29294485605764e-06,0.652343519706175
"DLA",1.29316937631594e-06,0.65245679935214
"DLA",1.29339092894797e-06,0.652568581709369
"DLA",1.29356683923086e-06,0.652657335636154
"DLA",1.29369730576553e-06,0.652723161334779
"DLA",1.29378245861948e-06,0.652766124429606
"DLA",1.29378245861948e-06,0.652766124429606
"DLA",1.29378245861948e-06,0.652766124429606
