"DLA",1.0532404183606e-06,
"DLA",1.05372346250754e-06,
"DLA",1.05420864113793e-06,
"DLA",1.0546959559094e-06,
"DLA",1.05518540837788e-06,
"DLA",1.05567699999663e-06,
"DLA",1.05617073211512e-06,
"DLA",1.05666660597805e-06,
"Drift",7.08357838060391e-07,0.528333302989023
"DLA",1.05714546345235e-06,
"DLA",1.05762170875115e-06,
"DLA",1.05809535574529e-06,
"DLA",1.05856641826424e-06,
"DLA",1.05903491009532e-06,
"DLA",1.05950084498284e-06,
"DLA",1.05996423662733e-06,
"DLA",1.06042509868479e-06,
"DLA",1.06088344476596e-06,
"DLA",1.06133928843562e-06,
"DLA",1.06179264321194e-06,
"DLA",1.06224352256577e-06,
"DLA",1.06269193992009e-06,
"DLA",1.06313790864937e-06,
"DLA",1.06358144207903e-06,
"DLA",1.06402255348484e-06,
"Drift",3.62054075675238e-07,0.53201127674242
"DLA",1.06449753132589e-06,
"DLA",1.06497456032011e-06,
"DLA",1.06545364199251e-06,
"DLA",1.06593477777441e-06,
"DLA",1.06641796900251e-06,
"DLA",1.06690321691796e-06,
"DLA",1.06739052266537e-06,
"DLA",1.067879887292e-06,
"DLA",1.06837131174671e-06,
"DLA",1.06886479687917e-06,
"DLA",1.06936034343885e-06,
"DLA",1.0698579520742e-06,
"DLA",1.07035762333171e-06,
"DLA",1.07085935765505e-06,
"DLA",1.07136315538417e-06,
"DLA",1.07186901675444e-06,
"Drift",7.22452859703488e-07,0.535934508377219
"DLA",1.0723398382971e-06,
"DLA",1.07280816067368e-06,
"DLA",1.07327399689138e-06,
"DLA",1.07373735991786e-06,
"DLA",1.07419826268053e-06,
"DLA",1.07465671806584e-06,
"DLA",1.07511273891867e-06,
"DLA",1.07556633804163e-06,
"DLA",1.07601752819451e-06,
"DLA",1.07646632209364e-06,
"DLA",1.07691273241134e-06,
"DLA",1.0773567717754e-06,
"DLA",1.07779845276852e-06,
"DLA",1.07823778792781e-06,
"DLA",1.07867478974433e-06,
"DLA",1.07910947066262e-06,
"Drift",3.66966481217245e-07,0.539554735331312
"DLA",1.07957644072302e-06,
"DLA",1.08004535608306e-06,
"DLA",1.08051621798174e-06,
"DLA",1.08098902757299e-06,
"DLA",1.08146378592486e-06,
"DLA",1.0819404940187e-06,
"DLA",1.08241915274839e-06,
"DLA",1.08289976291955e-06,
"DLA",1.08338232524874e-06,
"DLA",1.08386684036271e-06,
"DLA",1.08435330879761e-06,
"DLA",1.0848417309982e-06,
"DLA",1.08533210731715e-06,
"DLA",1.08582443801423e-06,
"DLA",1.0863187232556e-06,
"DLA",1.08681496311304e-06,
"Drift",7.32274527228898e-07,0.543407481556518
"DLA",1.08727781753046e-06,
"DLA",1.08773828038925e-06,
"DLA",1.08819636389364e-06,
"DLA",1.0886520802101e-06,
"DLA",1.08910544146671e-06,
"DLA",1.08955645975264e-06,
"DLA",1.09000514711752e-06,
"DLA",1.09045151557097e-06,
"DLA",1.09089557708204e-06,
"DLA",1.09133734357873e-06,
"DLA",1.09177682694752e-06,
"DLA",1.09221403903289e-06,
"DLA",1.0926489916369e-06,
"DLA",1.09308169651876e-06,
"DLA",1.09351216539443e-06,
"DLA",1.09394040993621e-06,
"Drift",3.71794096763236e-07,0.546970204968104
"DLA",1.09439944336972e-06,
"DLA",1.09486032176255e-06,
"DLA",1.09532304610015e-06,
"DLA",1.09578761729064e-06,
"DLA",1.09625403616417e-06,
"DLA",1.09672230347217e-06,
"DLA",1.09719241988678e-06,
"DLA",1.09766438600005e-06,
"DLA",1.09813820232339e-06,
"DLA",1.09861386928681e-06,
"DLA",1.09909138723834e-06,
"DLA",1.09957075644332e-06,
"DLA",1.10005197708379e-06,
"DLA",1.10053504925783e-06,
"DLA",1.10101997297892e-06,
"DLA",1.10150674817535e-06,
"Drift",7.41928641274676e-07,0.550753374087676
"DLA",1.10196170853026e-06,
"DLA",1.10241437981934e-06,
"DLA",1.10286477349965e-06,
"DLA",1.10331290099224e-06,
"DLA",1.10375877368162e-06,
"DLA",1.10420240291528e-06,
"DLA",1.10464380000324e-06,
"DLA",1.10508297621756e-06,
"DLA",1.10551994279196e-06,
"DLA",1.10595471092134e-06,
"DLA",1.10638729176144e-06,
"DLA",1.10681769642842e-06,
"DLA",1.1072459359985e-06,
"DLA",1.10767202150759e-06,
"DLA",1.10809596395099e-06,
"DLA",1.10851777428302e-06,
"Drift",3.76537820853806e-07,0.554258887141512
"DLA",1.1089689463315e-06,
"DLA",1.1094218682141e-06,
"DLA",1.10987654069185e-06,
"DLA",1.11033296445548e-06,
"DLA",1.11079114012486e-06,
"DLA",1.11125106824841e-06,
"DLA",1.11171274930252e-06,
"DLA",1.112176183691e-06,
"DLA",1.11264137174445e-06,
"DLA",1.11310831371978e-06,
"DLA",1.11357700979958e-06,
"DLA",1.1140474600916e-06,
"DLA",1.11451966462819e-06,
"DLA",1.11499362336574e-06,
"DLA",1.11546933618418e-06,
"DLA",1.1159468028864e-06,
"Drift",7.51416846233917e-07,0.557973401443202
"DLA",1.11639394616646e-06,
"DLA",1.11683889802805e-06,
"DLA",1.11728166923249e-06,
"DLA",1.11772227050675e-06,
"DLA",1.11816071254308e-06,
"DLA",1.11859700599855e-06,
"DLA",1.11903116149468e-06,
"DLA",1.11946318961708e-06,
"DLA",1.11989310091505e-06,
"DLA",1.12032090590128e-06,
"DLA",1.12074661505145e-06,
"DLA",1.12117023880396e-06,
"DLA",1.12159178755961e-06,
"DLA",1.12201127168129e-06,
"DLA",1.12242870149371e-06,
"DLA",1.12284408728313e-06,
"Drift",3.81198585122544e-07,0.561422043641565
"DLA",1.12328747694979e-06,
"DLA",1.12373252626031e-06,
"DLA",1.12417923577749e-06,
"DLA",1.12462760600019e-06,
"DLA",1.12507763736285e-06,
"DLA",1.12552933023499e-06,
"DLA",1.12598268492072e-06,
"DLA",1.12643770165825e-06,
"DLA",1.12689438061942e-06,
"DLA",1.12735272190917e-06,
"DLA",1.12781272556512e-06,
"DLA",1.12827439155707e-06,
"DLA",1.12873771978653e-06,
"DLA",1.12920271008628e-06,
"DLA",1.12966936221986e-06,
"DLA",1.13013767588118e-06,
"Drift",7.60740862341806e-07,0.565068837940589
"DLA",1.13057708267785e-06,
"DLA",1.13101439111062e-06,
"DLA",1.13144961129241e-06,
"DLA",1.13188275330349e-06,
"DLA",1.13231382719113e-06,
"DLA",1.13274284296919e-06,
"DLA",1.13316981061787e-06,
"DLA",1.13359474008334e-06,
"DLA",1.13401764127747e-06,
"DLA",1.13443852407751e-06,
"DLA",1.13485739832583e-06,
"DLA",1.13527427382966e-06,
"DLA",1.13568916036081e-06,
"DLA",1.13610206765543e-06,
"DLA",1.13651300541379e-06,
"DLA",1.13692198330004e-06,
"DLA",1.13732901094199e-06,
"Drift",3.86322490512183e-07,0.568664505470995
"DLA",1.13776447729626e-06,
"DLA",1.13820151534798e-06,
"DLA",1.13864012548044e-06,
"DLA",1.13908030801897e-06,
"DLA",1.13952206323044e-06,
"DLA",1.13996539132288e-06,
"DLA",1.14041029244507e-06,
"DLA",1.14085676668606e-06,
"DLA",1.14130481407485e-06,
"DLA",1.14175443457992e-06,
"DLA",1.14220562810883e-06,
"DLA",1.14265839450785e-06,
"DLA",1.14311273356154e-06,
"DLA",1.14356864499237e-06,
"DLA",1.14402612846032e-06,
"DLA",1.14448518356252e-06,
"DLA",1.14494580983283e-06,
"Drift",7.70937953452495e-07,0.572472904916415
"DLA",1.14537708838535e-06,
"DLA",1.14580636267964e-06,
"DLA",1.1462336421876e-06,
"DLA",1.14665893635015e-06,
"DLA",1.14708225457698e-06,
"DLA",1.1475036062462e-06,
"DLA",1.14792300070413e-06,
"DLA",1.14834044726502e-06,
"DLA",1.1487559552108e-06,
"DLA",1.14916953379082e-06,
"DLA",1.14958119222167e-06,
"DLA",1.1499909396869e-06,
"DLA",1.15039878533685e-06,
"DLA",1.15080473828845e-06,
"DLA",1.15120880762501e-06,
"DLA",1.15161100239602e-06,
"DLA",1.15201133161704e-06,
"Drift",3.910897721206e-07,0.57600566580852
"DLA",1.15243871264765e-06,
"DLA",1.15286757947861e-06,
"DLA",1.15329793233132e-06,
"DLA",1.15372977137468e-06,
"DLA",1.15416309672476e-06,
"DLA",1.1545979084444e-06,
"DLA",1.15503420654288e-06,
"DLA",1.1554719909756e-06,
"DLA",1.15591126164366e-06,
"DLA",1.15635201839358e-06,
"DLA",1.15679426101695e-06,
"DLA",1.15723798925006e-06,
"DLA",1.15768320277361e-06,
"DLA",1.15812990121236e-06,
"DLA",1.15857808413479e-06,
"DLA",1.15902775105281e-06,
"DLA",1.15947890142142e-06,
"Drift",7.80476231267314e-07,0.579739450710708
"DLA",1.15990215002827e-06,
"DLA",1.1603234838322e-06,
"DLA",1.16074291170949e-06,
"DLA",1.16116044250707e-06,
"DLA",1.16157608504232e-06,
"DLA",1.16198984810283e-06,
"DLA",1.16240174044617e-06,
"DLA",1.16281177079967e-06,
"DLA",1.16321994786022e-06,
"DLA",1.1636262802941e-06,
"DLA",1.16403077673675e-06,
"DLA",1.16443344579262e-06,
"DLA",1.16483429603499e-06,
"DLA",1.1652333360058e-06,
"DLA",1.16563057421552e-06,
"DLA",1.16602601914296e-06,
"DLA",1.16641967923517e-06,
"Drift",3.95766847827591e-07,0.583209839617584
"DLA",1.16683907510495e-06,
"DLA",1.16725987558481e-06,
"DLA",1.16768208075546e-06,
"DLA",1.16810569065005e-06,
"DLA",1.16853070525393e-06,
"DLA",1.16895712450431e-06,
"DLA",1.16938494828997e-06,
"DLA",1.16981417645098e-06,
"DLA",1.17024480877839e-06,
"DLA",1.17067684501393e-06,
"DLA",1.17111028484978e-06,
"DLA",1.17154512792822e-06,
"DLA",1.17198137384139e-06,
"DLA",1.172419022131e-06,
"DLA",1.17285807228808e-06,
"DLA",1.17329852375267e-06,
"DLA",1.17374037591358e-06,
"Drift",7.89835854369292e-07,0.586870187956791
"DLA",1.17415569608562e-06,
"DLA",1.17456918651038e-06,
"DLA",1.1749808555103e-06,
"DLA",1.17539071138009e-06,
"DLA",1.17579876238652e-06,
"DLA",1.1762050167682e-06,
"DLA",1.17660948273547e-06,
"DLA",1.17701216847014e-06,
"DLA",1.1774130821254e-06,
"DLA",1.17781223182562e-06,
"DLA",1.17820962566619e-06,
"DLA",1.17860527171341e-06,
"DLA",1.17899917800432e-06,
"DLA",1.17939135254659e-06,
"DLA",1.17978180331839e-06,
"DLA",1.18017053826825e-06,
"DLA",1.18055756531497e-06,
"Drift",4.00354971996706e-07,0.590278782657483
"DLA",1.18096907921784e-06,
"DLA",1.18138192098424e-06,
"DLA",1.18179609057304e-06,
"DLA",1.1822115879001e-06,
"DLA",1.18262841283795e-06,
"DLA",1.18304656521556e-06,
"DLA",1.18346604481812e-06,
"DLA",1.18388685138675e-06,
"DLA",1.18430898461828e-06,
"DLA",1.18473244416497e-06,
"DLA",1.18515722963435e-06,
"DLA",1.18558334058888e-06,
"DLA",1.1860107765458e-06,
"DLA",1.18643953697685e-06,
"DLA",1.18686962130807e-06,
"DLA",1.18730102891956e-06,
"DLA",1.18773375914524e-06,
"Drift",7.99019183576205e-07,0.593866879572619
"DLA",1.18814125525519e-06,
"DLA",1.18854700250923e-06,
"DLA",1.18895100871451e-06,
"DLA",1.18935328165195e-06,
"DLA",1.18975382907608e-06,
"DLA",1.19015265871488e-06,
"DLA",1.19054977826963e-06,
"DLA",1.1909451954148e-06,
"DLA",1.19133891779786e-06,
"DLA",1.19173095303921e-06,
"DLA",1.19212130873202e-06,
"DLA",1.19250999244212e-06,
"DLA",1.19289701170791e-06,
"DLA",1.19328237404022e-06,
"DLA",1.19366608692226e-06,
"DLA",1.19404815780946e-06,
"DLA",1.19442859412944e-06,
"Drift",4.04855422211554e-07,0.597214297064718
"DLA",1.19483233194747e-06,
"DLA",1.19523732507863e-06,
"DLA",1.19564357337685e-06,
"DLA",1.196051076657e-06,
"DLA",1.19645983469478e-06,
"DLA",1.19686984722644e-06,
"DLA",1.19728111394856e-06,
"DLA",1.19769363451791e-06,
"DLA",1.19810740855118e-06,
"DLA",1.19852243562481e-06,
"DLA",1.19893871527476e-06,
"DLA",1.19935624699634e-06,
"DLA",1.19977503024402e-06,
"DLA",1.20019506443119e-06,
"DLA",1.20061634893002e-06,
"DLA",1.20103888307124e-06,
"DLA",1.20146266614398e-06,
"Drift",8.0802863588131e-07,0.600731333071988
"DLA",1.20186244509168e-06,
"DLA",1.20226055213185e-06,
"DLA",1.20265699459189e-06,
"DLA",1.20305177977437e-06,
"DLA",1.203444914957e-06,
"DLA",1.20383640739239e-06,
"DLA",1.20422626430806e-06,
"DLA",1.2046144929062e-06,
"DLA",1.20500110036367e-06,
"DLA",1.20538609383182e-06,
"DLA",1.20576948043645e-06,
"DLA",1.20615126727766e-06,
"DLA",1.20653146142983e-06,
"DLA",1.20691006994147e-06,
"DLA",1.20728709983519e-06,
"DLA",1.2076625581076e-06,
"DLA",1.20803645172927e-06,
"DLA",1.20840878764461e-06,
"Drift",4.09767975249945e-07,0.604204393822307
"DLA",1.20880464728663e-06,
"DLA",1.20920169181338e-06,
"DLA",1.20959992098644e-06,
"DLA",1.20999933453218e-06,
"DLA",1.21039993214149e-06,
"DLA",1.21080171346965e-06,
"DLA",1.21120467813615e-06,
"DLA",1.21160882572453e-06,
"DLA",1.21201415578216e-06,
"DLA",1.21242066782013e-06,
"DLA",1.21282836131304e-06,
"DLA",1.21323723569885e-06,
"DLA",1.21364729037872e-06,
"DLA",1.21405852471685e-06,
"DLA",1.2144709380403e-06,
"DLA",1.21488452963887e-06,
"DLA",1.21529929876493e-06,
"DLA",1.21571524463323e-06,
"Drift",8.17804103813686e-07,0.607857622316616
"DLA",1.21610697129084e-06,
"DLA",1.21649710345046e-06,
"DLA",1.21688564796717e-06,
"DLA",1.21727261167271e-06,
"DLA",1.2176580013754e-06,
"DLA",1.21804182386005e-06,
"DLA",1.21842408588782e-06,
"DLA",1.21880479419621e-06,
"DLA",1.21918395549889e-06,
"DLA",1.21956157648569e-06,
"DLA",1.21993766382248e-06,
"DLA",1.22031222415112e-06,
"DLA",1.22068526408939e-06,
"DLA",1.22105679023092e-06,
"DLA",1.22142680914514e-06,
"DLA",1.22179532737723e-06,
"DLA",1.22216235144804e-06,
"DLA",1.22252788785407e-06,
"Drift",4.14339931110053e-07,0.611263943927033
"DLA",1.22291575155854e-06,
"DLA",1.22330473170347e-06,
"DLA",1.22369482797e-06,
"DLA",1.22408604000746e-06,
"DLA",1.22447836743325e-06,
"DLA",1.22487180983268e-06,
"DLA",1.22526636675883e-06,
"DLA",1.22566203773243e-06,
"DLA",1.22605882224165e-06,
"DLA",1.22645671974204e-06,
"DLA",1.22685572965634e-06,
"DLA",1.22725585137437e-06,
"DLA",1.22765708425286e-06,
"DLA",1.22805942761538e-06,
"DLA",1.22846288075214e-06,
"DLA",1.22886744291991e-06,
"DLA",1.22927311334186e-06,
"DLA",1.22967989120748e-06,
"Drift",8.26958314755792e-07,0.614839945603742
"DLA",1.23006369016271e-06,
"DLA",1.23044596807421e-06,
"DLA",1.23082673135857e-06,
"DLA",1.23120598641046e-06,
"DLA",1.23158373960248e-06,
"DLA",1.23195999728519e-06,
"DLA",1.23233476578695e-06,
"DLA",1.23270805141392e-06,
"DLA",1.23307986044993e-06,
"DLA",1.23345019915647e-06,
"DLA",1.23381907377263e-06,
"DLA",1.23418649051501e-06,
"DLA",1.2345524555777e-06,
"DLA",1.23491697513222e-06,
"DLA",1.2352800553275e-06,
"DLA",1.23564170228981e-06,
"DLA",1.23600192212272e-06,
"DLA",1.2363607209071e-06,
"Drift",4.18818177005899e-07,0.618180360453548
"DLA",1.23674071448972e-06,
"DLA",1.23712176001518e-06,
"DLA",1.23750385709723e-06,
"DLA",1.23788700532097e-06,
"DLA",1.23827120424269e-06,
"DLA",1.23865645338978e-06,
"DLA",1.2390427522606e-06,
"DLA",1.23943010032433e-06,
"DLA",1.23981849702093e-06,
"DLA",1.24020794176092e-06,
"DLA",1.24059843392535e-06,
"DLA",1.24098997286567e-06,
"DLA",1.24138255790357e-06,
"DLA",1.24177618833095e-06,
"DLA",1.24217086340975e-06,
"DLA",1.24256658237188e-06,
"DLA",1.24296334441908e-06,
"DLA",1.24336114872286e-06,
"Drift",8.35926540557746e-07,0.621680574361429
"DLA",1.24373714645284e-06,
"DLA",1.24411169285624e-06,
"DLA",1.2444847939423e-06,
"DLA",1.24485645569961e-06,
"DLA",1.24522668409611e-06,
"DLA",1.24559548507898e-06,
"DLA",1.2459628645746e-06,
"DLA",1.24632882848853e-06,
"DLA",1.24669338270542e-06,
"DLA",1.24705653308897e-06,
"DLA",1.24741828548191e-06,
"DLA",1.24777864570597e-06,
"DLA",1.24813761956178e-06,
"DLA",1.24849521282893e-06,
"DLA",1.24885143126585e-06,
"DLA",1.24920628060983e-06,
"DLA",1.24955976657699e-06,
"DLA",1.24991189486226e-06,
"Drift",4.23204311714904e-07,0.624955947431132
"DLA",1.25028414584892e-06,
"DLA",1.25065738799732e-06,
"DLA",1.25103162086538e-06,
"DLA",1.25140684398519e-06,
"DLA",1.25178305686287e-06,
"DLA",1.25216025897845e-06,
"DLA",1.25253844978582e-06,
"DLA",1.2529176287126e-06,
"DLA",1.25329779516006e-06,
"DLA",1.253678948503e-06,
"DLA",1.25406108808968e-06,
"DLA",1.25444421324173e-06,
"DLA",1.25482832325405e-06,
"DLA",1.2552134173947e-06,
"DLA",1.25559949490487e-06,
"DLA",1.25598655499873e-06,
"DLA",1.25637459686338e-06,
"DLA",1.25676361965877e-06,
"Drift",8.44711840097662e-07,0.628381809829385
"DLA",1.25713194419059e-06,
"DLA",1.25749888358084e-06,
"DLA",1.25786444346006e-06,
"DLA",1.25822862943944e-06,
"DLA",1.25859144711074e-06,
"DLA",1.25895290204625e-06,
"DLA",1.25931299979877e-06,
"DLA",1.25967174590153e-06,
"DLA",1.26002914586822e-06,
"DLA",1.2603852051929e-06,
"DLA",1.26073992934998e-06,
"DLA",1.26109332379424e-06,
"DLA",1.26144539396072e-06,
"DLA",1.26179614526479e-06,
"DLA",1.26214558310206e-06,
"DLA",1.2624937128484e-06,
"DLA",1.26284053985989e-06,
"DLA",1.26318606947287e-06,
"Drift",4.2749994344017e-07,0.631593034736434
"DLA",1.26355070677012e-06,
"DLA",1.26391627794824e-06,
"DLA",1.26428278251949e-06,
"DLA",1.26465021997281e-06,
"DLA",1.26501858977369e-06,
"DLA",1.26538789136415e-06,
"DLA",1.26575812416259e-06,
"DLA",1.26612928756376e-06,
"DLA",1.26650138093866e-06,
"DLA",1.26687440363448e-06,
"DLA",1.26724835497449e-06,
"DLA",1.26762323425799e-06,
"DLA",1.26799904076025e-06,
"DLA",1.2683757737324e-06,
"DLA",1.26875343240138e-06,
"DLA",1.26913201596987e-06,
"DLA",1.26951152361622e-06,
"DLA",1.26989195449439e-06,
"DLA",1.27027330773387e-06,
"Drift",8.53954908393328e-07,0.635136653866936
"DLA",1.27063386879865e-06,
"DLA",1.27099310936402e-06,
"DLA",1.27135103469835e-06,
"DLA",1.27170765005186e-06,
"DLA",1.27206296065656e-06,
"DLA",1.27241697172623e-06,
"DLA",1.27276968845639e-06,
"DLA",1.27312111602429e-06,
"DLA",1.27347125958886e-06,
"DLA",1.27382012429073e-06,
"DLA",1.27416771525215e-06,
"DLA",1.27451403757703e-06,
"DLA",1.27485909635088e-06,
"DLA",1.27520289664083e-06,
"DLA",1.27554544349561e-06,
"DLA",1.27588674194552e-06,
"DLA",1.27622679700245e-06,
"DLA",1.27656561365984e-06,
"DLA",1.27690319689273e-06,
"Drift",4.32280648719379e-07,0.638451598446367
"DLA",1.27725993807502e-06,
"DLA",1.27761755624446e-06,
"DLA",1.27797605087477e-06,
"DLA",1.27833542141868e-06,
"DLA",1.27869566730793e-06,
"DLA",1.27905678795316e-06,
"DLA",1.27941878274388e-06,
"DLA",1.27978165104839e-06,
"DLA",1.28014539221368e-06,
"DLA",1.28051000556543e-06,
"DLA",1.28087549040793e-06,
"DLA",1.28124184602398e-06,
"DLA",1.28160907167487e-06,
"DLA",1.28197716660034e-06,
"DLA",1.28234613001844e-06,
"DLA",1.28271596112559e-06,
"DLA",1.28308665909643e-06,
"DLA",1.2834582230838e-06,
"DLA",1.28383065221872e-06,
"Drift",8.62832325273072e-07,0.641915326109361
"DLA",1.2841833954472e-06,
"DLA",1.28453488099646e-06,
"DLA",1.28488511379024e-06,
"DLA",1.28523409873532e-06,
"DLA",1.28558184072141e-06,
"DLA",1.28592834462123e-06,
"DLA",1.28627361529041e-06,
"DLA",1.28661765756753e-06,
"DLA",1.28696047627408e-06,
"DLA",1.28730207621444e-06,
"DLA",1.28764246217589e-06,
"DLA",1.2879816389286e-06,
"DLA",1.28831961122558e-06,
"DLA",1.28865638380275e-06,
"DLA",1.28899196137886e-06,
"DLA",1.28932634865553e-06,
"DLA",1.28965955031725e-06,
"DLA",1.28999157103134e-06,
"DLA",1.29032241544802e-06,
"Drift",4.36614756294534e-07,0.645161207724008
"DLA",1.2906714062858e-06,
"DLA",1.29102122066635e-06,
"DLA",1.29137185803343e-06,
"DLA",1.29172331781198e-06,
"DLA",1.29207559940808e-06,
"DLA",1.29242870220889e-06,
"DLA",1.29278262558262e-06,
"DLA",1.29313736887845e-06,
"DLA",1.29349293142648e-06,
"DLA",1.29384931253771e-06,
"DLA",1.29420651150396e-06,
"DLA",1.29456452759781e-06,
"DLA",1.29492336007263e-06,
"DLA",1.29528300816242e-06,
"DLA",1.29564347108186e-06,
"DLA",1.29600474802622e-06,
"DLA",1.29636683817134e-06,
"DLA",1.29672974067354e-06,
"DLA",1.29709345466967e-06,
"Drift",8.71516808647675e-07,0.648546727334833
"DLA",1.29743852590133e-06,
"DLA",1.29778239896092e-06,
"DLA",1.29812507845252e-06,
"DLA",1.29846656896432e-06,
"DLA",1.29880687506859e-06,
"DLA",1.29914600132169e-06,
"DLA",1.29948395226405e-06,
"DLA",1.29982073242015e-06,
"DLA",1.30015634629852e-06,
"DLA",1.30049079839176e-06,
"DLA",1.30082409317649e-06,
"DLA",1.30115623511339e-06,
"DLA",1.30148722864716e-06,
"DLA",1.30181707820655e-06,
"DLA",1.30214578820435e-06,
"DLA",1.30247336303739e-06,
"DLA",1.30279980708656e-06,
"DLA",1.30312512471677e-06,
"DLA",1.30344932027702e-06,
"Drift",4.40853699273092e-07,0.651724660138511
"DLA",1.30379070711325e-06,
"DLA",1.30413286728638e-06,
"DLA",1.3044758002177e-06,
"DLA",1.3048195053116e-06,
"DLA",1.30516398195554e-06,
"DLA",1.30550922952003e-06,
"DLA",1.30585524735853e-06,
"DLA",1.30620203480745e-06,
"DLA",1.30654959118611e-06,
"DLA",1.30689791579668e-06,
"DLA",1.30724700792417e-06,
"DLA",1.30759686683635e-06,
"DLA",1.30794749178375e-06,
"DLA",1.30829888199962e-06,
"DLA",1.30865103669987e-06,
"DLA",1.30900395508306e-06,
"DLA",1.30935763633035e-06,
"DLA",1.30971207960548e-06,
"DLA",1.31006728405474e-06,
"Drift",8.80012041118487e-07,0.655033642027369
"DLA",1.3104048295529e-06,
"DLA",1.31074123326103e-06,
"DLA",1.31107649948649e-06,
"DLA",1.31141063252181e-06,
"DLA",1.31174363664464e-06,
"DLA",1.31207551611774e-06,
"DLA",1.31240627518901e-06,
"DLA",1.31273591809146e-06,
"DLA",1.31306444904322e-06,
"DLA",1.31339187224753e-06,
"DLA",1.31371819189276e-06,
"DLA",1.31404341215241e-06,
"DLA",1.31436753718507e-06,
"DLA",1.31469057113449e-06,
"DLA",1.31501251812955e-06,
"DLA",1.31533338228426e-06,
"DLA",1.31565316769779e-06,
"DLA",1.31597187845446e-06,
"DLA",1.31628951862375e-06,
"Drift",4.4499938257619e-07,0.658144759311877
"DLA",1.31662344806339e-06,
"DLA",1.31695810367482e-06,
"DLA",1.31729348486334e-06,
"DLA",1.31762959101906e-06,
"DLA",1.3179664215169e-06,
"DLA",1.31830397571655e-06,
"DLA",1.31864225296241e-06,
"DLA",1.31898125258358e-06,
"DLA",1.31932097389382e-06,
"DLA",1.31966141619154e-06,
"DLA",1.32000257875974e-06,
"DLA",1.32034446086598e-06,
"DLA",1.32068706176239e-06,
"DLA",1.32103038068559e-06,
"DLA",1.32137441685671e-06,
"DLA",1.32171916948131e-06,
"DLA",1.32206463774943e-06,
"DLA",1.32241082083548e-06,
"DLA",1.32275771789828e-06,
"Drift",8.88321707707738e-07,0.66137885894914
"DLA",1.32308788405134e-06,
"DLA",1.32341696184777e-06,
"DLA",1.32374495531942e-06,
"DLA",1.32407186848422e-06,
"DLA",1.32439770534621e-06,
"DLA",1.32472246989553e-06,
"DLA",1.32504616610844e-06,
"DLA",1.32536879794729e-06,
"DLA",1.32569036936055e-06,
"DLA",1.32601088428281e-06,
"DLA",1.32633034663478e-06,
"DLA",1.32664876032328e-06,
"DLA",1.32696612924128e-06,
"DLA",1.3272824572679e-06,
"DLA",1.3275977482684e-06,
"DLA",1.3279120060942e-06,
"DLA",1.3282252345829e-06,
"DLA",1.32853743755828e-06,
"DLA",1.32884861883031e-06,
"DLA",1.32915878219518e-06,
"Drift",4.49468680072759e-07,0.664579391097592
"DLA",1.32948522007577e-06,
"DLA",1.32981233874649e-06,
"DLA",1.33014013760202e-06,
"DLA",1.33046861602345e-06,
"DLA",1.33079777337823e-06,
"DLA",1.33112760902018e-06,
"DLA",1.33145812228946e-06,
"DLA",1.33178931251252e-06,
"DLA",1.33212117900207e-06,
"DLA",1.3324537210571e-06,
"DLA",1.33278693796281e-06,
"DLA",1.33312082899064e-06,
"DLA",1.33345539339819e-06,
"DLA",1.33379063042922e-06,
"DLA",1.33412653931365e-06,
"DLA",1.33446311926751e-06,
"DLA",1.33480036949295e-06,
"DLA",1.33513828917819e-06,
"DLA",1.33547687749752e-06,
"DLA",1.3358161336113e-06,
"Drift",8.97217251414339e-07,0.667908066805652
"DLA",1.33613868995465e-06,
"DLA",1.33646021118418e-06,
"DLA",1.33678070106272e-06,
"DLA",1.33710016334013e-06,
"DLA",1.33741860175335e-06,
"DLA",1.33773602002637e-06,
"DLA",1.33805242187029e-06,
"DLA",1.33836781098324e-06,
"DLA",1.33868219105047e-06,
"DLA",1.3389955657443e-06,
"DLA",1.33930793872418e-06,
"DLA",1.33961931363664e-06,
"DLA",1.33992969411536e-06,
"DLA",1.34023908378113e-06,
"DLA",1.34054748624191e-06,
"DLA",1.34085490509279e-06,
"DLA",1.34116134391606e-06,
"DLA",1.34146680628117e-06,
"DLA",1.34177129574477e-06,
"DLA",1.34207481585074e-06,
"Drift",4.53630859884496e-07,0.671037407925371
"DLA",1.34239371964673e-06,
"DLA",1.34271326055034e-06,
"DLA",1.34303343795056e-06,
"DLA",1.34335425122423e-06,
"DLA",1.34367569973602e-06,
"DLA",1.34399778283842e-06,
"DLA",1.3443204998717e-06,
"DLA",1.34464385016391e-06,
"DLA",1.34496783303086e-06,
"DLA",1.34529244777611e-06,
"DLA",1.34561769369091e-06,
"DLA",1.34594357005424e-06,
"DLA",1.34627007613276e-06,
"DLA",1.34659721118079e-06,
"DLA",1.34692497444031e-06,
"DLA",1.34725336514096e-06,
"DLA",1.34758238249999e-06,
"DLA",1.34791202572227e-06,
"DLA",1.34824229400027e-06,
"DLA",1.34857318651403e-06,
"Drift",9.05562082360211e-07,0.674286593257017
"DLA",1.34888829461134e-06,
"DLA",1.34920241793567e-06,
"DLA",1.34951556000067e-06,
"DLA",1.34982772430792e-06,
"DLA",1.35013891434698e-06,
"DLA",1.35044913359535e-06,
"DLA",1.35075838551852e-06,
"DLA",1.35106667356995e-06,
"DLA",1.35137400119109e-06,
"DLA",1.35168037181141e-06,
"DLA",1.35198578884837e-06,
"DLA",1.35229025570748e-06,
"DLA",1.35259377578225e-06,
"DLA",1.35289635245429e-06,
"DLA",1.35319798909324e-06,
"DLA",1.35349868905682e-06,
"DLA",1.35379845569086e-06,
"DLA",1.35409729232929e-06,
"DLA",1.35439520229416e-06,
"DLA",1.35469218889568e-06,
"Drift",4.57696232236088e-07,0.67734609444784
"DLA",1.35500372008601e-06,
"DLA",1.35531584747807e-06,
"DLA",1.35562857045964e-06,
"DLA",1.35594188840762e-06,
"DLA",1.35625580068805e-06,
"DLA",1.35657030665611e-06,
"DLA",1.35688540565605e-06,
"DLA",1.35720109702122e-06,
"DLA",1.35751738007402e-06,
"DLA",1.35783425412594e-06,
"DLA",1.3581517184775e-06,
"DLA",1.35846977241826e-06,
"DLA",1.35878841522678e-06,
"DLA",1.35910764617067e-06,
"DLA",1.3594274645065e-06,
"DLA",1.35974786947986e-06,
"DLA",1.36006886032529e-06,
"DLA",1.36039043626634e-06,
"DLA",1.36071259651549e-06,
"DLA",1.36103534027419e-06,
"Drift",9.13714129688934e-07,0.680517670137095
"DLA",1.36134316092368e-06,
"DLA",1.36165004440931e-06,
"DLA",1.36195599401379e-06,
"DLA",1.36226101300861e-06,
"DLA",1.36256510465405e-06,
"DLA",1.36286827219919e-06,
"DLA",1.36317051888191e-06,
"DLA",1.36347184792893e-06,
"DLA",1.36377226255579e-06,
"DLA",1.36407176596688e-06,
"DLA",1.36437036135544e-06,
"DLA",1.36466805190359e-06,
"DLA",1.36496484078234e-06,
"DLA",1.3652607311516e-06,
"DLA",1.36555572616019e-06,
"DLA",1.36584982894587e-06,
"DLA",1.36614304263534e-06,
"DLA",1.36643537034426e-06,
"DLA",1.36672681517729e-06,
"DLA",1.36701738022808e-06,
"Drift",4.61666969490394e-07,0.68350869011404
"DLA",1.36732169938191e-06,
"DLA",1.3676265764304e-06,
"DLA",1.36793201076388e-06,
"DLA",1.36823800176299e-06,
"DLA",1.36854454879864e-06,
"DLA",1.36885165123202e-06,
"DLA",1.36915930841459e-06,
"DLA",1.36946751968806e-06,
"DLA",1.36977628438438e-06,
"DLA",1.37008560182575e-06,
"DLA",1.37039547132457e-06,
"DLA",1.37070589218349e-06,
"DLA",1.37101686369534e-06,
"DLA",1.37132838514318e-06,
"DLA",1.37164045580023e-06,
"DLA",1.37195307492993e-06,
"DLA",1.37226624178589e-06,
"DLA",1.37257995561189e-06,
"DLA",1.37289421564188e-06,
"DLA",1.37320902109999e-06,
"Drift",9.21677621304681e-07,0.686604510549994
"DLA",1.37350971407541e-06,
"DLA",1.37380951492401e-06,
"DLA",1.37410842671435e-06,
"DLA",1.37440645250456e-06,
"DLA",1.37470359534229e-06,
"DLA",1.37499985826482e-06,
"DLA",1.37529524429899e-06,
"DLA",1.37558975646123e-06,
"DLA",1.37588339775762e-06,
"DLA",1.37617617118385e-06,
"DLA",1.37646807972524e-06,
"DLA",1.37675912635679e-06,
"DLA",1.37704931404318e-06,
"DLA",1.37733864573875e-06,
"DLA",1.37762712438756e-06,
"DLA",1.3779147529234e-06,
"DLA",1.37820153426978e-06,
"DLA",1.37848747133999e-06,
"DLA",1.37877256703707e-06,
"DLA",1.37905682425385e-06,
"DLA",1.37934024587298e-06,
"Drift",4.65924322037211e-07,0.689670122936492
"DLA",1.37963734629944e-06,
"DLA",1.3799349679196e-06,
"DLA",1.38023311012968e-06,
"DLA",1.38053177231726e-06,
"DLA",1.38083095386128e-06,
"DLA",1.38113065413197e-06,
"DLA",1.38143087249092e-06,
"DLA",1.38173160829103e-06,
"DLA",1.38203286087651e-06,
"DLA",1.38233462958288e-06,
"DLA",1.38263691373696e-06,
"DLA",1.38293971265686e-06,
"DLA",1.38324302565199e-06,
"DLA",1.38354685202303e-06,
"DLA",1.38385119106197e-06,
"DLA",1.38415604205205e-06,
"DLA",1.3844614042678e-06,
"DLA",1.384767276975e-06,
"DLA",1.38507365943072e-06,
"DLA",1.38538055088328e-06,
"DLA",1.38568795057228e-06,
"Drift",9.30153559888539e-07,0.692843975286139
"DLA",1.38598133003382e-06,
"DLA",1.38627386205319e-06,
"DLA",1.38656554949068e-06,
"DLA",1.38685639519691e-06,
"DLA",1.38714640201281e-06,
"DLA",1.38743557276967e-06,
"DLA",1.38772391028909e-06,
"DLA",1.38801141738306e-06,
"DLA",1.38829809685393e-06,
"DLA",1.38858395149446e-06,
"DLA",1.38886898408781e-06,
"DLA",1.38915319740754e-06,
"DLA",1.38943659421768e-06,
"DLA",1.3897191772727e-06,
"DLA",1.39000094931754e-06,
"DLA",1.39028191308763e-06,
"DLA",1.39056207130891e-06,
"DLA",1.39084142669782e-06,
"DLA",1.39111998196138e-06,
"DLA",1.39139773979712e-06,
"DLA",1.39167470289318e-06,
"Drift",4.69890617994392e-07,0.695837351446588
"DLA",1.39196457176195e-06,
"DLA",1.39225492665751e-06,
"DLA",1.39254576698499e-06,
"DLA",1.39283709214181e-06,
"DLA",1.3931289015177e-06,
"DLA",1.3934211944947e-06,
"DLA",1.39371397044712e-06,
"DLA",1.39400722874158e-06,
"DLA",1.39430096873699e-06,
"DLA",1.39459518978451e-06,
"DLA",1.39488989122762e-06,
"DLA",1.39518507240205e-06,
"DLA",1.39548073263581e-06,
"DLA",1.39577687124918e-06,
"DLA",1.39607348755471e-06,
"DLA",1.39637058085721e-06,
"DLA",1.39666815045378e-06,
"DLA",1.39696619563376e-06,
"DLA",1.39726471567875e-06,
"DLA",1.39756370986264e-06,
"DLA",1.39786317745156e-06,
"Drift",9.38110343365573e-07,0.69893158872578
"DLA",1.39814941645836e-06,
"DLA",1.39843485019932e-06,
"DLA",1.39871948134213e-06,
"DLA",1.39900331254548e-06,
"DLA",1.39928634645907e-06,
"DLA",1.39956858572365e-06,
"DLA",1.39985003297101e-06,
"DLA",1.40013069082403e-06,
"DLA",1.40041056189663e-06,
"DLA",1.40068964879388e-06,
"DLA",1.40096795411191e-06,
"DLA",1.40124548043802e-06,
"DLA",1.40152223035063e-06,
"DLA",1.40179820641932e-06,
"DLA",1.40207341120487e-06,
"DLA",1.40234784725923e-06,
"DLA",1.40262151712556e-06,
"DLA",1.40289442333828e-06,
"DLA",1.40316656842302e-06,
"DLA",1.40343795489669e-06,
"DLA",1.40370858526749e-06,
"Drift",4.73759892222635e-07,0.701854292633745
"DLA",1.40399139496141e-06,
"DLA",1.40427465785382e-06,
"DLA",1.4045583733611e-06,
"DLA",1.40484254089274e-06,
"DLA",1.40512715985143e-06,
"DLA",1.405412229633e-06,
"DLA",1.40569774962644e-06,
"DLA",1.40598371921387e-06,
"DLA",1.40627013777058e-06,
"DLA",1.40655700466501e-06,
"DLA",1.40684431925872e-06,
"DLA",1.40713208090644e-06,
"DLA",1.40742028895603e-06,
"DLA",1.40770894274851e-06,
"DLA",1.40799804161803e-06,
"DLA",1.40828758489187e-06,
"DLA",1.40857757189049e-06,
"DLA",1.40886800192746e-06,
"DLA",1.40915887430951e-06,
"DLA",1.40945018833651e-06,
"DLA",1.40974194330149e-06,
"Drift",9.45873650419574e-07,0.704870971650743
"DLA",1.4100212129743e-06,
"DLA",1.41029971720136e-06,
"DLA",1.41057745847205e-06,
"DLA",1.41085443926743e-06,
"DLA",1.41113066206022e-06,
"DLA",1.41140612931483e-06,
"DLA",1.41168084348738e-06,
"DLA",1.41195480702569e-06,
"DLA",1.41222802236934e-06,
"DLA",1.41250049194964e-06,
"DLA",1.41277221818968e-06,
"DLA",1.4130432035043e-06,
"DLA",1.41331345030016e-06,
"DLA",1.41358296097574e-06,
"DLA",1.41385173792134e-06,
"DLA",1.41411978351909e-06,
"DLA",1.414387100143e-06,
"DLA",1.41465369015897e-06,
"DLA",1.41491955592478e-06,
"DLA",1.41518469979013e-06,
"DLA",1.41544912409666e-06,
"Drift",4.7753454212146e-07,0.707724562048328
"DLA",1.41572504494199e-06,
"DLA",1.41600138833938e-06,
"DLA",1.41627815371831e-06,
"DLA",1.41655534050217e-06,
"DLA",1.41683294810828e-06,
"DLA",1.41711097594788e-06,
"DLA",1.41738942342609e-06,
"DLA",1.41766828994199e-06,
"DLA",1.41794757488855e-06,
"DLA",1.41822727765266e-06,
"DLA",1.41850739761513e-06,
"DLA",1.41878793415067e-06,
"DLA",1.41906888662792e-06,
"DLA",1.41935025440943e-06,
"DLA",1.41963203685168e-06,
"DLA",1.41991423330504e-06,
"DLA",1.42019684311384e-06,
"DLA",1.4204798656163e-06,
"DLA",1.42076330014458e-06,
"DLA",1.42104714602475e-06,
"DLA",1.42133140257684e-06,
"Drift",9.53448170631863e-07,0.710665701288423
"DLA",1.42160387189472e-06,
"DLA",1.4218756133729e-06,
"DLA",1.42214662933566e-06,
"DLA",1.42241692209956e-06,
"DLA",1.42268649397342e-06,
"DLA",1.42295534725836e-06,
"DLA",1.42322348424779e-06,
"DLA",1.42349090722746e-06,
"DLA",1.42375761847543e-06,
"DLA",1.42402362026215e-06,
"DLA",1.42428891485041e-06,
"DLA",1.42455350449538e-06,
"DLA",1.42481739144464e-06,
"DLA",1.42508057793819e-06,
"DLA",1.42534306620846e-06,
"DLA",1.4256048584803e-06,
"DLA",1.42586595697107e-06,
"DLA",1.42612636389057e-06,
"DLA",1.42638608144112e-06,
"DLA",1.42664511181756e-06,
"DLA",1.42690345720725e-06,
"DLA",1.4271611197901e-06,
"Drift",4.81561486139449e-07,0.71358055989505
"DLA",1.42743016869944e-06,
"DLA",1.42769961092092e-06,
"DLA",1.42796944589896e-06,
"DLA",1.4282396730726e-06,
"DLA",1.4285102918755e-06,
"DLA",1.42878130173589e-06,
"DLA",1.42905270207665e-06,
"DLA",1.42932449231524e-06,
"DLA",1.42959667186373e-06,
"DLA",1.42986924012882e-06,
"DLA",1.43014219651181e-06,
"DLA",1.43041554040861e-06,
"DLA",1.43068927120974e-06,
"DLA",1.43096338830035e-06,
"DLA",1.4312378910602e-06,
"DLA",1.43151277886367e-06,
"DLA",1.43178805107978e-06,
"DLA",1.43206370707214e-06,
"DLA",1.43233974619904e-06,
"DLA",1.43261616781335e-06,
"DLA",1.43289297126261e-06,
"DLA",1.43317015588898e-06,
"Drift",9.61467864424174e-07,0.716585077944492
"DLA",1.43343567972127e-06,
"DLA",1.4337005128811e-06,
"DLA",1.43396465753278e-06,
"DLA",1.43422811583344e-06,
"DLA",1.4344908899331e-06,
"DLA",1.43475298197461e-06,
"DLA",1.43501439409376e-06,
"DLA",1.4352751284192e-06,
"DLA",1.43553518707254e-06,
"DLA",1.43579457216828e-06,
"DLA",1.43605328581391e-06,
"DLA",1.43631133010985e-06,
"DLA",1.43656870714954e-06,
"DLA",1.43682541901939e-06,
"DLA",1.43708146779882e-06,
"DLA",1.43733685556029e-06,
"DLA",1.43759158436931e-06,
"DLA",1.43784565628443e-06,
"DLA",1.4380990733573e-06,
"DLA",1.43835183763264e-06,
"DLA",1.43860395114831e-06,
"DLA",1.43885541593526e-06,
"Drift",4.85314480913316e-07,0.719427707967632
"DLA",1.43911760536881e-06,
"DLA",1.43938016021897e-06,
"DLA",1.43964307994674e-06,
"DLA",1.43990636400832e-06,
"DLA",1.44017001185516e-06,
"DLA",1.44043402293394e-06,
"DLA",1.44069839668657e-06,
"DLA",1.4409631325502e-06,
"DLA",1.44122822995722e-06,
"DLA",1.44149368833525e-06,
"DLA",1.44175950710716e-06,
"DLA",1.44202568569107e-06,
"DLA",1.44229222350034e-06,
"DLA",1.44255911994357e-06,
"DLA",1.44282637442464e-06,
"DLA",1.44309398634266e-06,
"DLA",1.443361955092e-06,
"DLA",1.44363028006232e-06,
"DLA",1.4438989606385e-06,
"DLA",1.44416799620074e-06,
"DLA",1.44443738612447e-06,
"DLA",1.44470712978043e-06,
"Drift",9.69001142631234e-07,0.722353564890215
"DLA",1.44496588818636e-06,
"DLA",1.44522399094647e-06,
"DLA",1.44548144007723e-06,
"DLA",1.44573823758854e-06,
"DLA",1.44599438548365e-06,
"DLA",1.44624988575927e-06,
"DLA",1.44650474040551e-06,
"DLA",1.44675895140591e-06,
"DLA",1.44701252073751e-06,
"DLA",1.44726545037078e-06,
"DLA",1.44751774226969e-06,
"DLA",1.44776939839172e-06,
"DLA",1.44802042068785e-06,
"DLA",1.44827081110262e-06,
"DLA",1.44852057157407e-06,
"DLA",1.44876970403386e-06,
"DLA",1.44901821040718e-06,
"DLA",1.44926609261284e-06,
"DLA",1.44951335256324e-06,
"DLA",1.44975999216443e-06,
"DLA",1.45000601331607e-06,
"DLA",1.45025141791151e-06,
"Drift",4.88971568702981e-07,0.725125708955753
"DLA",1.45050692669867e-06,
"DLA",1.45076277494269e-06,
"DLA",1.45101896212201e-06,
"DLA",1.45127548771086e-06,
"DLA",1.45153235117926e-06,
"DLA",1.45178955199301e-06,
"DLA",1.45204708961369e-06,
"DLA",1.45230496349869e-06,
"DLA",1.45256317310118e-06,
"DLA",1.45282171787014e-06,
"DLA",1.45308059725033e-06,
"DLA",1.45333981068233e-06,
"DLA",1.45359935760251e-06,
"DLA",1.45385923744306e-06,
"DLA",1.45411944963197e-06,
"DLA",1.45437999359307e-06,
"DLA",1.45464086874597e-06,
"DLA",1.45490207450614e-06,
"DLA",1.45516361028485e-06,
"DLA",1.45542547548922e-06,
"DLA",1.45568766952219e-06,
"DLA",1.45595019178255e-06,
"Drift",9.7634290817503e-07,0.727975095891276
"DLA",1.45620236180668e-06,
"DLA",1.45645390920468e-06,
"DLA",1.45670483585641e-06,
"DLA",1.45695514363563e-06,
"DLA",1.45720483440995e-06,
"DLA",1.45745391004094e-06,
"DLA",1.45770237238407e-06,
"DLA",1.45795022328874e-06,
"DLA",1.45819746459831e-06,
"DLA",1.45844409815012e-06,
"DLA",1.45869012577547e-06,
"DLA",1.45893554929967e-06,
"DLA",1.45918037054202e-06,
"DLA",1.45942459131587e-06,
"DLA",1.45966821342858e-06,
"DLA",1.45991123868159e-06,
"DLA",1.4601536688704e-06,
"DLA",1.46039550578457e-06,
"DLA",1.46063675120779e-06,
"DLA",1.46087740691786e-06,
"DLA",1.46111747468668e-06,
"DLA",1.46135695628032e-06,
"Drift",4.92535320276926e-07,0.730678478140159
"DLA",1.46160596014974e-06,
"DLA",1.46185527931651e-06,
"DLA",1.46210491327715e-06,
"DLA",1.4623548615245e-06,
"DLA",1.46260512354763e-06,
"DLA",1.46285569883192e-06,
"DLA",1.46310658685901e-06,
"DLA",1.46335778710681e-06,
"DLA",1.46360929904955e-06,
"DLA",1.46386112215772e-06,
"DLA",1.46411325589811e-06,
"DLA",1.46436569973379e-06,
"DLA",1.46461845312416e-06,
"DLA",1.46487151552489e-06,
"DLA",1.46512488638798e-06,
"DLA",1.4653785651617e-06,
"DLA",1.46563255129068e-06,
"DLA",1.46588684421584e-06,
"DLA",1.46614144337442e-06,
"DLA",1.4663963482e-06,
"DLA",1.46665155812248e-06,
